Nation,Year,GDP,GDP_Per_Capita,GDP_Growth,GDP_pct_World,Pop,Pop_pct_World,Pop_Growth,Area,Athletes,Athletes_pct,Medals_Last_Games,Total_Medals_Year,Medals
ALG,1988,59089396860.4342,2450.87242078961,-1.00000549065851,0.30779554402642983,24109536.0,0.47300875855293645,2.80088866145511,2381740.0,42,0.49680624556423,2.0,738,0
AND,1988,721425939.15155,14599.0355178798,5.09432619448408,0.0037578939913772164,49416.0,0.0009695002347889194,3.63286711986262,470.0,3,0.035486160397444996,0.0,738,0
ANG,1988,8769836768.83478,807.439628386237,6.12889047765088,0.0456819128762157,10861291.0,0.2130893673023065,3.40339476992955,1246700.0,24,0.28388928317955997,0.0,738,0
ANT,1988,411396296.296296,6466.15683473424,5.21313204893121,0.002142955480287945,63623.0,0.0012482295903750895,-0.506393701034133,440.0,15,0.17743080198722497,0.0,738,0
ARG,1988,126890235049.092,3992.70330179156,-1.08993334133791,0.6609688201899483,31780532.0,0.6235072291508169,1.54990330404865,2736690.0,118,1.3957889756328365,0.0,738,2
ARU,1988,596648044.692737,10056.2613927414,18.6486486682331,0.0031079283131331854,59331.0,0.0011640241709215918,0.290320062131051,180.0,8,0.09462976105985332,0.0,738,0
AUS,1988,236461079970.431,14303.093047615,5.76137011855324,1.2317212667186654,16532164.0,0.32434711185787846,1.63614876307642,7682300.0,252,2.9808374733853795,24.0,738,14
AUT,1988,132817124707.456,17509.7658683817,3.2958798164712,0.6918418756568977,7585317.0,0.14881752089299785,0.141570850318539,82520.0,73,0.8634965696711615,3.0,738,1
BAH,1988,2817900000.0,10575.797153666,2.30970766214169,0.014678387487363893,266448.0,0.0052274849959332605,1.70827212376845,10010.0,16,0.18925952211970665,0.0,738,0
BAN,1988,26579005558.3652,247.901465967332,2.41625685565774,0.1384495342682434,107216008.0,2.103487634149479,2.12729956278453,130170.0,6,0.07097232079488999,0.0,738,0
BAR,1988,1812757917.76463,7032.65370811416,3.50538227987897,0.00944262150457297,257763.0,0.0050570926222255185,0.187945892751294,430.0,17,0.20108824225218833,0.0,738,0
BEN,1988,1620246083.79478,326.179757700303,3.40524529583226,0.00843983102410435,4967341.0,0.09745504018489205,3.04249160427487,112760.0,7,0.08280104092737166,0.0,738,0
BER,1988,1415100032.0,24958.1127004004,4.05622489892114,0.00737122914336103,56699.0,0.001112386551163529,0.768390169191453,54.0,12,0.14194464158977999,0.0,738,0
BHU,1988,272298066.556045,488.877757351253,4.76737301961812,0.001418395448017897,556986.0,0.010927595470579187,2.99400155331813,46723.0,3,0.035486160397444996,0.0,738,0
BIZ,1988,421450000.0,2405.81116565818,9.78848090834173,0.0021953250316013744,175180.0,0.0034368838256905233,2.21758029647318,22810.0,10,0.11828720132481667,0.0,738,0
BOL,1988,4597612362.2748,672.607268146683,2.90949796034215,0.023948875322106527,6835508.0,0.13410690081960372,2.11937999087102,1083300.0,7,0.08280104092737166,0.0,738,0
BOT,1988,2644554158.72794,2140.51439180359,19.4499695097307,0.013775432298210846,1235476.0,0.024238996925612658,2.982917184193,566730.0,8,0.09462976105985332,0.0,738,0
BRA,1988,307881930752.268,2140.65027561164,-0.059999999999917,1.6037511196066316,143826357.0,2.8217517986145166,1.91028205578332,8358140.0,160,1.8925952211970667,8.0,738,6
BRN,1988,4535130304.71096,18824.7637309359,-1.53586318506849,0.02362340747302394,240913.0,0.004726509836160413,2.97132267531724,5270.0,7,0.08280104092737166,0.0,738,0
BUL,1988,23003003707.7017,2561.16929364177,10.9446917287804,0.11982220866422295,8981446.0,0.1762083941586531,0.112372423824029,110630.0,172,2.0345398627868465,0.0,738,35
BUR,1988,2616040478.99309,301.129214663833,5.79559296458005,0.013626905082965903,8687435.0,0.17044014635368052,2.68703394002769,273600.0,6,0.07097232079488999,0.0,738,0
CAF,1988,1264899287.51261,466.070596898859,1.71016528472386,0.006588836323006707,2713965.0,0.0532457039159161,1.66487223139615,622980.0,15,0.17743080198722497,0.0,738,0
CAN,1988,509380027626.554,19012.5723278349,4.41083906453277,2.6533508725741455,26791747.0,0.5256314757751605,1.29662488995999,8965590.0,328,3.879820203453986,44.0,738,10
CGO,1988,2212536311.99319,984.376285838246,1.76626342847234,0.011525059554029275,2247653.0,0.044097055836652486,2.89698322874559,341500.0,7,0.08280104092737166,0.0,738,0
CHA,1988,1482597297.98821,263.544647841815,15.4823590700135,0.0077228211177081015,5625602.0,0.11036956572423942,3.38597976291247,1259200.0,6,0.07097232079488999,0.0,738,0
CHI,1988,26174858613.8456,2013.53987790886,7.35081069623416,0.136344340523436,12999424.0,0.255037733125318,1.62297053532028,743532.0,17,0.20108824225218833,0.0,738,1
CHN,1988,312888888888.889,284.023573149686,11.2209115803492,1.6298322692792004,1101630000.0,21.61305131233846,1.61007108578698,9388250.0,273,3.2292405961674944,32.0,738,28
CIV,1988,10255169805.7996,909.534182158689,1.13648396562287,0.05341898440620351,11275189.0,0.22120969691576498,3.83036325504084,318000.0,28,0.33120416370948663,1.0,738,0
CMR,1988,12236057362.4917,1145.16555992416,-7.82363197491021,0.06373739000115866,10684968.0,0.2096300587808016,2.9848646701323,472710.0,15,0.17743080198722497,1.0,738,0
COD,1988,8861299976.74158,257.725151748806,0.470381336748687,0.046158342986046895,34382752.0,0.6745605904300063,3.20305597579918,2267050.0,15,0.17743080198722497,0.0,738,0
COL,1988,39212550050.4223,1259.6174112078,4.06417324490376,0.204257427164821,31130524.0,0.610754620509594,2.04796088983437,1109500.0,40,0.4731488052992667,1.0,738,1
CRC,1988,4614629898.40348,1554.74048522018,3.43214737968852,0.02403751934402958,2968103.0,0.058231677096035626,2.57330518707329,51060.0,16,0.18925952211970665,0.0,738,1
CYP,1988,4278792597.23965,7645.6298828125,8.6467778500465,0.022288149231820764,766235.0,0.015032884337127402,1.50559707194302,9240.0,9,0.10645848119233499,0.0,738,0
DEN,1988,115540189705.118,22524.5792595476,0.272951118976223,0.601846649936213,5129516.0,0.10063677688104095,0.0485933862498549,40000.0,78,0.9226401703335699,6.0,738,4
DOM,1988,5374299981.49698,783.913142122635,2.15596333107848,0.02799462635357723,6855734.0,0.1345037178778205,2.11116879404317,48310.0,16,0.18925952211970665,1.0,738,0
ECU,1988,13051881851.4068,1303.77906073184,5.89046729088525,0.06798700424225183,10010808.0,0.19640360827316647,2.33984250758108,276840.0,13,0.15377336172226164,0.0,738,0
EGY,1988,34980124929.0176,633.839369496566,5.46132049551341,0.1822108052324489,55187681.0,1.0827357472672006,2.78029406933467,995450.0,49,0.5796072864916015,1.0,738,0
ESA,1988,4189880000.0,806.392353256927,1.878176962178,0.02182500520442749,5195833.0,0.10193786047887356,2.0099674797558,20720.0,6,0.07097232079488999,0.0,738,0
ESP,1988,375891716897.586,9696.1928538538,5.09432412898086,1.9580128017010034,38766939.0,0.7605746410585179,0.212064999269184,499440.0,229,2.7087769103383015,5.0,738,4
FIJ,1988,1110009522.75743,1463.04720165947,0.955754866463423,0.005782018485289552,758697.0,0.014884995135859821,1.08095407494385,18270.0,23,0.27206056304707826,0.0,738,0
FIN,1988,109039090262.971,22043.7701596288,5.23111280719965,0.5679825466303047,4946481.0,0.0970457845814904,0.290689051012441,304590.0,78,0.9226401703335699,12.0,738,4
FRA,1988,1010827662151.75,17549.6440487161,4.81422400170246,5.265382060402976,57598186.0,1.1300278219689142,0.578107856832589,538950.0,266,3.1464395552401228,28.0,738,16
GAB,1988,3834503376.02992,4118.60473032795,12.8453532480867,0.01997385513147102,931020.0,0.0182658270315926,2.78166738757561,257670.0,2,0.02365744026496333,0.0,738,0
GAM,1988,266672211.934161,274.874465999589,4.47682692076357,0.0013890904783285573,970160.0,0.01903372081477291,4.11039894872358,10120.0,6,0.07097232079488999,0.0,738,0
GBR,1988,910122732123.799,15987.1680775688,5.0321018040183,4.740811995873314,56928327.0,1.1168857534531405,0.222063893961785,241930.0,345,4.080908445706174,37.0,738,24
GEQ,1988,100534656.881732,228.669232827247,2.6552621825882,0.0005236831149505793,439651.0,0.008625581749335908,3.97397139114896,28050.0,6,0.07097232079488999,0.0,738,0
GHA,1988,5197765031.64557,355.121844932881,5.62816876359457,0.027075059158509503,14636568.0,0.28715711738109084,2.40254861016643,227540.0,16,0.18925952211970665,0.0,738,0
GRE,1988,75200610136.9205,7492.35204811251,4.28786172851761,0.3917185474558729,10036983.0,0.19691713969306285,0.363197987305088,128900.0,56,0.6624083274189733,2.0,738,1
GRN,1988,236357523.703704,2404.25523562379,2.96679168426633,0.0012311818440955192,98308.0,0.0019287200316016897,0.798639824026673,340.0,6,0.07097232079488999,0.0,738,0
GUA,1988,7841602824.42748,919.070773138882,3.89238706354786,0.040846759920136866,8532099.0,0.16739258506844557,2.80034727895635,107160.0,28,0.33120416370948663,0.0,738,0
GUI,1988,3476480303.12273,574.001127225182,6.30811670197524,0.01810891975635179,6056574.0,0.11882487281480625,2.61583840073543,245720.0,6,0.07097232079488999,0.0,738,0
GUY,1988,413799990.0,544.715209244099,-3.69353310075873,0.0021554762750584846,759663.0,0.01490394724098379,-0.584993100789264,196850.0,8,0.09462976105985332,0.0,738,0
HAI,1988,2613926800.0,397.365336276412,0.200426837325949,0.013615894969305205,6578145.0,0.1290576558599554,2.04290699274167,27560.0,4,0.04731488052992666,0.0,738,0
HKG,1988,59707404560.5944,10609.7456394545,8.51153048557791,0.3110147343785098,5627600.0,0.11040876479881259,0.840468540728853,990.0,48,0.5677785663591199,0.0,738,0
HON,1988,4892660944.20601,1039.29410284648,7.57442109483326,0.025485777771868237,4707677.0,0.09236065154626834,2.81704824743616,111890.0,8,0.09462976105985332,0.0,738,0
HUN,1988,29799838597.4079,2812.23754602897,-0.0652631444904301,0.15522679228988104,10596487.0,0.2078941361995656,-0.153272935554963,89870.0,188,2.223799384906553,0.0,738,23
INA,1988,84300174485.7973,476.662483405818,5.7804984881177,0.43911800502321585,176855065.0,3.4697471879777724,1.90886698268871,1811570.0,29,0.3430328838419683,0.0,738,1
IND,1988,296589670895.932,358.484539641693,9.62778291984834,1.544929952858591,827342990.0,16.2317715528567,2.25053923542519,2973190.0,46,0.5441211260941565,0.0,738,0
IRI,1988,123057861333.908,2234.46235141335,-6.08199661986552,0.6410060584213053,55072694.0,1.0804797993252857,3.227701834245,1628760.0,23,0.27206056304707826,0.0,738,1
IRL,1988,37772896220.7559,10715.8702780539,5.21741342322537,0.1967582977565699,3524949.0,0.06915652588471279,-0.427686063650556,68890.0,61,0.7215519280813816,1.0,738,0
IRQ,1988,62684516129.0323,3707.20841763297,-0.0190369368025927,0.3265224518967486,16908819.0,0.33173676522792905,2.32000552741589,437370.0,27,0.319375443577005,0.0,738,0
ISL,1988,6320093411.44744,25306.6926061001,-0.089725977854286,0.03292124633576816,249740.0,0.004899688130083065,1.56621758114814,100250.0,32,0.3785190442394133,1.0,738,0
ISR,1988,52618458014.4117,11845.6681707365,2.91001631242278,0.2740885466919064,4442000.0,0.08714829291995264,1.65705755029368,21640.0,18,0.21291696238466998,0.0,738,0
ITA,1988,893663934840.821,15780.9495122174,4.19437725054567,4.655078433967099,56629288.0,1.111018860529572,0.0483205970471755,294110.0,253,2.9926661935178616,32.0,738,14
JAM,1988,3828342820.3494,1632.01481656159,3.97430201540247,0.019941764914140327,2345777.0,0.046022165943468654,0.682868345368861,10830.0,35,0.41400520463685825,3.0,738,2
JOR,1988,6277451829.05325,1965.98031813995,1.46216981660774,0.032699127144364536,3193039.0,0.06264473166970569,4.6607576002442,88240.0,7,0.08280104092737166,0.0,738,0
JPN,1988,3191546727316.14,26036.864097278,6.78502010955764,16.624706181047735,122578000.0,2.404876958474101,0.416110342195181,364600.0,255,3.0163236337828248,31.0,738,14
KEN,1988,8355380879.12955,391.238771204282,6.20318382314591,0.04352302003207165,21356219.0,0.41899100159267405,3.52708553980729,569140.0,74,0.8753252898036433,3.0,738,9
KOR,1988,205477530605.222,4888.68509195605,12.1331951107172,1.070328547560283,42031247.0,0.8246176103887621,0.979189224150187,96460.0,401,4.743316773125148,19.0,738,33
KSA,1988,88256074766.3551,9165.49615323397,6.60034126267189,0.45972421432070654,9629165.0,0.188916094550778,5.32095708351149,2149690.0,9,0.10645848119233499,0.0,738,0
KUW,1988,20690322152.8945,9692.34754600725,-10.0526170080749,0.107775494445713,2134707.0,0.04188115059303768,3.90301852486716,17820.0,25,0.2957180033120416,0.0,738,0
LAO,1988,598961269.297879,147.070942942331,-2.01020105305003,0.0031199778560905577,4072601.0,0.0799009961490527,2.86410486101786,230800.0,3,0.035486160397444996,0.0,738,0
LBA,1988,24308959591.195,5736.28243992278,7.57902335976675,0.1266249080145609,4237755.0,0.08314117831224536,2.58194390370826,1759540.0,6,0.07097232079488999,0.0,738,0
LBR,1988,1038300000.0,424.325719336919,-2.04189816424886,0.00540848494557292,2446941.0,0.04800691828587165,2.89031493513992,96320.0,8,0.09462976105985332,0.0,738,0
LES,1988,470395800.600668,270.36712009929,8.60191907664445,0.0024502827757001194,1739841.0,0.034134212765003,2.11733466448557,30360.0,6,0.07097232079488999,0.0,738,0
LIE,1988,1161757671.01756,41568.5441182755,5.63379830669763,0.006051573605029692,27948.0,0.0005483161842698868,1.40890538804493,160.0,12,0.14194464158977999,0.0,738,0
MAR,1988,25705296183.5037,1086.03527832031,11.8752359788597,0.13389839875755832,23500524.0,0.461060456849252,1.91664251827313,446300.0,27,0.319375443577005,2.0,738,3
MAS,1988,35272109220.1988,2099.95467656701,9.93771967651989,0.1837317458499942,16796605.0,0.3295352212068306,3.14398721440995,328550.0,9,0.10645848119233499,0.0,738,0
MAW,1988,2008189508.37875,229.421843922728,3.17729140008842,0.010460620941851058,8753262.0,0.17173161656485605,5.39936640972062,94280.0,16,0.18925952211970665,0.0,738,0
MDV,1988,168514513.375071,799.082501719284,8.73034178146668,0.000877788894057226,210885.0,0.004137385806489017,3.34675148443986,300.0,7,0.08280104092737166,0.0,738,0
MEX,1988,181611150496.787,2278.81222720992,1.21826122938586,0.9460090276510162,79695531.0,1.5635590904995875,1.97542817137593,1943950.0,83,0.9817837709959784,6.0,738,2
MGL,1988,3204461566.66667,1543.33555521093,5.10797231165017,0.016691979333510253,2076322.0,0.040735686144111195,2.61153690252887,1547438.742,28,0.33120416370948663,0.0,738,1
MLI,1988,2712207900.69838,307.019371606958,10.8056984434684,0.014127839352972283,8833996.0,0.17331554954112788,1.74518393142561,1220190.0,6,0.07097232079488999,0.0,738,0
MLT,1988,2019503068.03393,5814.44775940093,8.41423629574032,0.010519553058846031,347325.0,0.006814223511576442,0.821039289346079,320.0,6,0.07097232079488999,0.0,738,0
MON,1988,2000704744.91538,67180.5763713568,4.59860147535215,0.010421632951373534,29781.0,0.0005842780980299662,1.13125288324776,2.027,9,0.10645848119233499,0.0,738,0
MRI,1988,2163252449.13108,2073.59238787189,6.79134674767185,0.011268340850042564,1043239.0,0.02046746914847332,0.688400517657601,2030.0,8,0.09462976105985332,0.0,738,0
MTN,1988,1414951290.06682,762.423918016846,1.72039797622089,0.007370454349461019,1855859.0,0.03641038805721081,2.88879526231512,1030700.0,6,0.07097232079488999,0.0,738,0
MYA,1988,1541088312.25453,39.9236088878004,-11.3524394768121,0.008027499698186462,38600927.0,0.7573176256590971,1.64379378529744,653540.0,2,0.02365744026496333,0.0,738,0
NED,1988,262295966105.474,17770.6162376388,3.44121890433911,1.366294697068247,14760094.0,0.28958059329987296,0.646096227552241,33760.0,147,1.738821859474805,13.0,738,9
NEP,1988,3487009748.35638,187.084777621975,7.6968087109188,0.018163767436243376,18638661.0,0.3656748060476582,2.10452210347206,143000.0,16,0.18925952211970665,0.0,738,0
NGR,1988,49648470440.4593,539.539468397166,7.33402548758716,0.2586179379254033,92020090.0,1.805356541611978,2.67440624256127,910770.0,69,0.8161816891412349,2.0,738,0
NIG,1988,2280356192.76273,292.587878484489,6.87115013671369,0.01187833202263431,7793748.0,0.15290676128957567,3.02985788052672,1266700.0,6,0.07097232079488999,0.0,738,0
NOR,1988,101497621605.033,24111.6310594146,-0.330025653077698,0.5286991798731366,4209488.0,0.08258660361707015,0.537922759339233,365244.0,69,0.8161816891412349,3.0,738,5
NZL,1988,45176811594.2029,13759.1556295922,-0.334621133273799,0.2353251520718776,3283400.0,0.0644175382650546,0.274482468222468,263310.0,83,0.9817837709959784,11.0,738,13
OMA,1988,8386215864.75943,5279.10411437183,5.96402764822645,0.04368363888555924,1588568.0,0.031166364112396074,5.67040937337118,309500.0,8,0.09462976105985332,0.0,738,0
PAK,1988,38472742808.3167,353.85454278549,7.62527877959378,0.20040378531607406,108724739.0,2.133087663668933,3.36148582370259,770880.0,30,0.35486160397444994,1.0,738,1
PAN,1988,5902783400.0,2508.78229277879,-13.3798437826627,0.030747486425770715,2352848.0,0.046160892998677344,2.18612312048078,74340.0,6,0.07097232079488999,0.0,738,0
PAR,1988,4255683528.33333,1113.89406863138,5.91537206556045,0.02216777453155491,3820546.0,0.07495588967180401,2.80445454879684,397300.0,10,0.11828720132481667,0.0,738,0
PER,1988,15439408447.2,733.299784874657,-9.44127344629392,0.08042358485527552,21054702.0,0.41307549239944014,2.2691453247117,1280000.0,21,0.248403122782115,1.0,738,1
PHI,1988,43152128958.6116,722.343718454247,6.69693110468185,0.22477861874417035,59739052.0,1.1720298069464845,2.68311652440946,298170.0,31,0.36669032410693164,0.0,738,1
PNG,1988,3656177880.70625,984.993556016427,2.90924048446031,0.019044961019104745,3711880.0,0.07282395441776539,2.16055328455361,452860.0,11,0.1301159214572983,0.0,738,0
POR,1988,56347250696.3788,5623.69699982123,7.4891073628233,0.2935117568292285,10019610.0,0.19657629608817803,-0.103951995334113,91500.0,65,0.7688668086113083,3.0,738,1
PUR,1988,26385800000.0,7595.44465611829,5.88837273658802,0.13744313019059803,3473898.0,0.0681549483291395,0.926818889529725,8870.0,47,0.5559498462266382,2.0,738,0
QAT,1988,6038186813.18681,14682.0213127986,5.90444950002646,0.03145280022891051,411264.0,0.00806865275538753,3.52864689870194,11610.0,10,0.11828720132481667,0.0,738,0
RWA,1988,2395492686.81271,343.781325823561,4.4988249932594,0.012478075829583518,6968071.0,0.13670767505516151,3.18710379833714,24670.0,6,0.07097232079488999,0.0,738,0
SAM,1988,133016065.416065,790.134992313838,-1.44229968442642,0.0006928781540230475,168346.0,0.003302806510558836,0.407730165725868,2830.0,11,0.1301159214572983,0.0,738,0
SEN,1988,6418419388.63499,880.487755138196,-0.816575488243529,0.03343342448021351,7289618.0,0.14301615595194944,2.89611580449774,192530.0,23,0.27206056304707826,0.0,738,1
SGP,1988,25371462488.1292,8914.44122574729,11.26359213382,0.13215946538978604,2846108.0,0.05583823810576781,2.53777386733667,670.0,8,0.09462976105985332,0.0,738,0
SLE,1988,1055083933.07498,268.160979625957,-7.08000000523833,0.005495912133633724,3934517.0,0.07719190455077293,2.69969584969167,72180.0,12,0.14194464158977999,0.0,738,0
SOL,1988,176494394.043362,567.022935580171,1.25019632877232,0.0009193559406352095,311265.0,0.006106756730240671,3.21599043746711,27990.0,4,0.04731488052992666,0.0,738,0
SOM,1988,1051596967.1287,145.341346820158,3.41524772059694,0.0054777485943616625,7235360.0,0.14195165976166335,0.09759631496132,627340.0,5,0.059143600662408334,0.0,738,0
SRI,1988,6978371581.26375,434.015552780537,2.472685037698,0.03635020479811122,16078621.0,0.31544898078723593,1.01294194595377,62710.0,6,0.07097232079488999,0.0,738,0
SUI,1988,218788504066.152,33183.0267583533,2.55903865202789,1.1396651550671315,6593386.0,0.12935667142330368,0.734943056123237,39529.11,99,1.171043293115685,8.0,738,4
SUR,1988,1161000000.0,2886.42980207694,7.79999999163023,0.006047626911114475,402227.0,0.00789135443861184,1.33045316714963,160507.61,6,0.07097232079488999,0.0,738,1
SWE,1988,206686590775.558,24499.1240758517,2.55903868133913,1.0766265189842976,8436489.0,0.16551679752092716,0.459598369773659,407339.7,185,2.188313224509108,19.0,738,11
SWZ,1988,692026454.737872,865.25154443731,6.56982157105428,0.003604752636413349,799798.0,0.015691362084824922,4.60388194208911,17200.0,11,0.1301159214572983,0.0,738,0
SYR,1988,10577041644.9944,897.70876335774,18.0111401002195,0.05509560869271891,11782264.0,0.23115808066911595,3.39541335503712,183780.0,13,0.15377336172226164,1.0,738,0
TAN,1988,7406614407.46127,307.50634765625,7.25543546092405,0.038580913532136926,24769686.0,0.4859603446788046,3.03017868342338,885800.0,10,0.11828720132481667,0.0,738,0
TGA,1988,106657267.367342,1077.6835915018,-1.88187195516706,0.0005555756764829193,98969.0,0.0019416882940105345,0.600979791546612,720.0,5,0.059143600662408334,0.0,738,0
THA,1988,61667253471.3736,1164.20096229495,13.2881140717644,0.32122355006718045,52969595.0,1.0392187710290994,1.70502694404775,510890.0,14,0.16560208185474332,1.0,738,1
TOG,1988,1947208354.22555,556.09976573928,6.64236977029414,0.010142971270078694,3501545.0,0.06869735914732004,3.0130879101746,54390.0,6,0.07097232079488999,0.0,738,0
TTO,1988,4496910569.10569,3655.81977035897,-3.91972405050394,0.023424321597414886,1230069.0,0.024132916146725178,1.03823999487909,5130.0,6,0.07097232079488999,0.0,738,0
TUN,1988,10096245762.4352,1266.07583258953,0.0721590773964209,0.05259115208796606,7974440.0,0.1564517859055802,2.34022356945689,155360.0,41,0.48497752543174827,0.0,738,0
TUR,1988,90875175808.7201,1685.69479240535,2.32073679394847,0.47336706182004723,53909626.0,1.0576613862794002,1.99711197505007,769630.0,41,0.48497752543174827,3.0,738,2
UAE,1988,36275613876.8575,21569.6710149303,-2.61905367759613,0.18895898251410947,1681788.0,0.032995261876015605,6.60823561382132,71020.0,12,0.14194464158977999,0.0,738,0
UGA,1988,6508931651.66667,395.187660960924,8.26707354577805,0.03390490113628264,16470483.0,0.32313698266931573,3.18496327397902,199810.0,24,0.28388928317955997,0.0,738,0
URU,1988,8213538368.84635,2677.19777690993,1.48093746177193,0.04278416509466536,3067961.0,0.06019080682012401,0.590567988250426,175020.0,15,0.17743080198722497,0.0,738,0
USA,1988,5236438000000.0,21417.0119305191,4.17698239478443,27.27650591488584,244499000.0,4.79686413116513,0.907999040167679,9158960.0,527,6.233735509817838,173.0,738,94
VAN,1988,158351368.433149,1125.00616977712,-1.69288283840025,0.00082484926541612,140756.0,0.002761513984295555,2.56829362697183,12190.0,4,0.04731488052992666,0.0,738,0
VEN,1988,60226413793.1035,3191.47633742656,6.43274853801171,0.31371824359611433,18871020.0,0.3702334936196049,2.5550534835076,882050.0,17,0.20108824225218833,3.0,738,0
VIE,1988,25423812648.5941,404.559305078888,5.13501167157808,0.1324321563796471,62843228.0,1.2329311215171928,2.02305132101298,325490.0,9,0.10645848119233499,0.0,738,0
VIN,1988,200726712.592593,1813.93765107441,14.07469453936,0.0010455816269203328,110658.0,0.0021710166136731475,0.595490726853875,390.0,6,0.07097232079488999,0.0,738,0
ZAM,1988,3728878148.80792,504.486020154114,6.28074900897693,0.019423655332469855,7391440.0,0.14501381769929195,2.74531148561589,743390.0,29,0.3430328838419683,1.0,738,0
ZIM,1988,7818774176.83792,815.89246404532,7.55237451045024,0.04072784592917479,9583094.0,0.18801222039429102,3.16386516916123,386850.0,29,0.3430328838419683,0.0,738,0
ALB,1992,652174990.837304,200.852219772323,-7.18711090964234,0.0025732766512795093,3247039.0,0.0595116773914625,-0.606434726201759,27400.0,7,0.07457916045173663,0.0,813,0
ALG,1992,48003133346.9957,1802.69300801289,1.80000230253509,0.18940521173848004,26628568.0,0.48804795637275117,2.43525019358237,2381740.0,35,0.37289580225868313,0.0,813,2
AND,1992,1209992020.29543,20099.5352208543,0.929214040125956,0.004774246571557821,60200.0,0.0011033446099557296,6.0480321596983,470.0,8,0.08523332623055614,0.0,813,0
ANG,1992,8307810973.58848,668.706017459877,-5.83828073148828,0.032779999696296386,12423712.0,0.22770158921664982,3.27414246108306,1246700.0,28,0.2983166418069465,0.0,813,0
ANT,1992,525133333.333333,8153.73786307269,1.15855077710827,0.002072010372155398,64404.0,0.00118039545281709,1.59169498831994,440.0,13,0.13850415512465375,0.0,813,0
ARG,1992,228778917308.17,6789.99611136495,7.93729155643076,0.9026893923949677,33693527.0,0.6175344087350141,1.38438120034139,2736690.0,84,0.8949499254208395,2.0,813,1
ARU,1992,958659217.877095,13892.6051427736,5.88235395341866,0.003782566667774007,69005.0,0.0012647225051494206,4.61012241010557,180.0,5,0.053270828894097594,0.0,813,0
AUS,1992,325982966981.415,18650.3675476612,0.433065864126704,1.2862258894213843,17478635.0,0.32034813482780006,1.11959770147047,7682300.0,279,2.9725122522906458,14.0,813,27
AUT,1992,194314032056.098,24782.7118767063,2.0935244262602,0.7667018342177957,7840709.0,0.14370438560434184,1.10055228652823,82520.0,102,1.0867249094395908,1.0,813,2
BAH,1992,3109000000.0,10873.4047501635,-3.82558229706301,0.012267132627328557,285927.0,0.005240465353667971,1.83396180238937,10010.0,14,0.14915832090347325,0.0,813,1
BAN,1992,31708874594.1645,273.465072520272,5.44268554966725,0.12511321007074458,115952192.0,2.1251698680357456,1.8848730627462,130170.0,6,0.06392499467291711,0.0,813,0
BAR,1992,1957000000.0,7519.20143544898,-5.69252080356588,0.007721704262361527,260267.0,0.00477016929567023,0.34408470557972,430.0,17,0.1811208182399318,0.0,813,0
BEN,1992,1695315305.70308,301.77329696287,2.95771082720395,0.006689179060855498,5617844.0,0.10296375244139762,3.08954460200877,112760.0,6,0.06392499467291711,0.0,813,0
BER,1992,1679900000.0,28761.9634632835,-0.0597382143839553,0.006628355130475794,58407.0,0.001070482535443261,0.726863524436884,54.0,20,0.21308331557639038,0.0,813,0
BHU,1992,240233531.160464,415.791522568451,4.60089124887257,0.0009478856829452814,577774.0,0.010589432369976108,-3.73868016502051,46723.0,6,0.06392499467291711,0.0,813,0
BIH,1992,4735044707.23969,1118.17569934079,-6.43690762214798,0.018682991772286717,4234616.0,0.07761197240585203,-5.14845213063333,51200.0,10,0.10654165778819519,0.0,813,0
BIZ,1992,695741150.0,3642.9480634402,12.7362233602929,0.0027451749634416506,190983.0,0.0035003332831092214,2.08619211260685,22810.0,10,0.10654165778819519,0.0,813,0
BOL,1992,5643868748.68126,759.57113496365,1.64649821845634,0.02226892456458922,7430336.0,0.1361830760093026,2.04005205570035,1083300.0,13,0.13850415512465375,0.0,813,0
BOT,1992,4146464586.61674,3004.61263362306,2.91707018751026,0.01636064040480818,1380033.0,0.025293222128090286,2.81282080899369,566730.0,6,0.06392499467291711,0.0,813,0
BRA,1992,328191909882.232,2127.31642731638,-0.54407204977727,1.29494168084323,154275079.0,2.827551110716684,1.66724681782032,8358140.0,182,1.9390581717451523,6.0,813,3
BRN,1992,6327966435.17026,23450.8964055243,-3.12061882634288,0.024968158096338722,269839.0,0.004945604754249902,2.72087553865121,5270.0,10,0.10654165778819519,0.0,813,0
BUL,1992,8602874120.17193,1007.34296439412,-7.27238740564677,0.03394422573443601,8540164.0,0.1565239853411622,-1.07385319076042,110630.0,138,1.4702748774770935,35.0,813,16
BUR,1992,3356692505.18266,348.592443894547,0.232710761845951,0.013244449067299918,9629275.0,0.17648519383773187,2.46694750828756,273600.0,4,0.04261666311527807,0.0,813,0
CAF,1992,1411917553.12436,461.587303490896,-6.42407819946331,0.005570980985213811,3058831.0,0.05606220426271585,3.17660886218298,622980.0,15,0.15981248668229278,0.0,813,0
CAN,1992,594387358318.855,20950.3305287651,0.890466243956382,2.345264894340578,28371264.0,0.5199880600005156,1.18367554138942,8965590.0,295,3.142978904751758,10.0,813,18
CGO,1992,2933222703.0334,1164.22442980292,2.61194805533871,0.011573570898553195,2519465.0,0.04617671308508492,2.82732962442827,341500.0,7,0.07457916045173663,0.0,813,0
CHA,1992,1881847669.69794,290.648286132566,8.00144334899822,0.007425176889229275,6474656.0,0.11866738868633762,4.2431121638925,1259200.0,6,0.06392499467291711,0.0,813,0
CHI,1992,46538895685.8088,3351.84108855522,11.5019314370192,0.18362779212197664,13884577.0,0.2544762989113836,1.61244609996212,743532.0,12,0.12784998934583422,1.0,813,0
CHN,1992,428502354788.069,367.822651903542,14.2976226152779,1.6907350329069921,1164970000.0,21.351551000998775,1.2255362283362,9388250.0,244,2.5996164500319625,28.0,813,53
CIV,1992,11152971273.9383,844.902223806738,-0.244560610691636,0.04400610415123405,13200310.0,0.2419350645887827,3.99092066742327,318000.0,13,0.13850415512465375,0.0,813,0
CMR,1992,12071775335.0433,1005.44897647465,-3.10000321081914,0.047631414950881246,12006353.0,0.22005224032850174,2.86561545097735,472710.0,8,0.08523332623055614,0.0,813,0
COD,1992,8227343907.26679,209.726548794417,-10.5000085643684,0.03246250205245586,39228910.0,0.7189868173245585,3.37819074562411,2267050.0,17,0.1811208182399318,0.0,813,0
COL,1992,58418985443.3172,1730.39091795329,4.04492943933556,0.23050287629049487,33760571.0,0.6187631900644139,1.98094862084333,1109500.0,49,0.5220541231621565,1.0,813,1
CRC,1992,8579754953.07612,2612.38762395528,9.20110358278828,0.03385300479876612,3284258.0,0.06019382661136186,2.53101725222341,51060.0,16,0.17046665246111228,1.0,813,0
CRO,1992,10621169290.9986,2321.15204123035,-11.7132905102592,0.04190778139272726,4575818.0,0.08386551705047188,-2.44385513691215,55910.0,39,0.41551246537396125,0.0,813,3
CUB,1992,22085858243.2432,2047.67900346421,-11.5806030812698,0.08714382510718624,10785801.0,0.1976819833456,0.633956474992599,107400.0,176,1.8751331770722353,0.0,813,31
CYP,1992,6912150456.32334,11310.072265625,9.39999830664647,0.027273163842961735,810341.0,0.014851916521198272,1.41642910298543,9240.0,17,0.1811208182399318,0.0,813,0
DEN,1992,152966494259.538,29579.4913648682,2.0228112415746,0.603557501646589,5171370.0,0.09478078431207246,0.330671401713551,40000.0,110,1.171958235670147,4.0,813,6
DOM,1992,11605382504.0,1558.29782071075,11.2374641300752,0.04579117605900495,7447474.0,0.13649718099145244,2.00207035295166,48310.0,32,0.34093330492222457,0.0,813,0
ECU,1992,18094238119.0595,1655.44613192632,2.11431064978969,0.07139415207364648,10930128.0,0.20032720622800995,2.10568663668025,276840.0,13,0.13850415512465375,0.0,813,0
EGY,1992,41855986519.4235,680.79923864551,4.47285918408184,0.1651505107370358,61480660.0,1.1268165253741,2.3894924999556,995450.0,75,0.7990624334114639,0.0,813,0
ESA,1992,5813399300.0,1040.78164082019,7.02196331575217,0.022937838606857188,5585609.0,0.10237294989153178,1.63408681572402,20720.0,4,0.04261666311527807,0.0,813,0
ESP,1992,630465353486.104,16100.6799428032,0.929215482921151,2.4876172750561656,39157685.0,0.717681406695919,0.48975790543999,499440.0,422,4.4960579586618366,4.0,813,22
FIJ,1992,1532411039.05479,1951.25592930351,6.10000158039144,0.006046410246274517,785346.0,0.014393808572263992,0.727158824335362,18270.0,18,0.19177498401875134,0.0,813,0
FIN,1992,112537828510.751,22320.1124695857,-3.31137361706595,0.44403874812896094,5041992.0,0.09240954645581244,0.561909850746084,304590.0,88,0.9375665885361176,4.0,813,5
FRA,1992,1389663073110.28,23615.0168565483,1.5160611169627,5.483171831825278,58846584.0,1.0785392237658984,0.498024782624795,538950.0,339,3.6117621990198168,16.0,813,29
GAB,1992,5592390827.39854,5385.68811745078,-3.09014565154393,0.022065808936491984,1038380.0,0.01903141156288755,2.69019023311537,257670.0,5,0.053270828894097594,0.0,813,0
GAM,1992,714254256.122189,623.485927783598,3.37868879121812,0.0028182218364376952,1145582.0,0.02099620805585224,4.06398984278952,10120.0,5,0.053270828894097594,0.0,813,0
GBR,1992,1179659529659.53,20487.1707852878,1.29472849604493,4.654564138123345,57580402.0,1.055332660893424,0.270431182081877,241930.0,371,3.9526955039420413,24.0,813,20
GEQ,1992,134707183.84662,263.733547088944,34.7453200290652,0.0005315120264073396,510770.0,0.009361384159918405,3.69997148660368,28050.0,7,0.07457916045173663,0.0,813,0
GER,1992,2141377582968.07,26559.8543879632,2.01361340926105,8.449200004971882,80624598.0,1.4776863061984633,0.760346946721127,349130.0,463,4.932878755593436,0.0,813,82
GHA,1992,6416103925.83267,396.426407640517,3.87941908037517,0.02531592081341679,16184855.0,0.2966357562652,2.48576941139296,227540.0,34,0.3622416364798636,0.0,813,1
GRE,1992,114608178405.434,11021.012224607,0.700000337119789,0.45220769529623406,10399061.0,0.19059381898589434,0.76388272245526,128900.0,70,0.7457916045173663,1.0,813,2
GRN,1992,310160444.444444,3052.70018744163,-0.851148756391396,0.0012237952099553443,101602.0,0.0018621597850618278,0.79943112085571,340.0,4,0.04261666311527807,0.0,813,0
GUA,1992,10440781587.5435,1096.45976992698,4.83833884688683,0.04119602845524803,9522266.0,0.17452393464559313,2.65707563037112,107160.0,14,0.14915832090347325,0.0,813,0
GUI,1992,4789220416.70641,692.647802662806,3.2709473025656,0.01889675202098658,6914366.0,0.12672638633490296,3.19168243312344,245720.0,8,0.08523332623055614,0.0,813,0
GUY,1992,373573141.486811,498.156636569954,7.75788577607526,0.0014740016959236045,749911.0,0.013744356475025102,0.273740099309668,196850.0,6,0.06392499467291711,0.0,813,0
HAI,1992,2257129791.61575,316.276513134354,-5.30993292251178,0.008905921682484682,7136571.0,0.13079895592053775,1.997247117895,27560.0,7,0.07457916045173663,0.0,813,0
HKG,1992,104272507639.282,17976.4688629053,6.23502387210803,0.41142640096339733,5800500.0,0.10631146860545199,0.839650031457883,990.0,38,0.4048582995951417,0.0,813,0
HON,1992,4122846905.18198,782.111518709432,9.03523510162955,0.016267452488915545,5271431.0,0.09661470067447743,2.84070727716059,111890.0,10,0.10654165778819519,0.0,813,0
HUN,1992,38857339124.9084,3747.32966394956,-3.06418034558638,0.1533187946575537,10369341.0,0.19004911131466704,-0.0391365832684134,89870.0,217,2.3119539740038353,23.0,813,30
INA,1992,128026966579.964,673.67103954742,6.49750651682714,0.5051539977198389,190043744.0,3.483118614588148,1.7332257161332,1811570.0,42,0.44747496271041975,1.0,813,5
IND,1992,288208070278.013,319.182472626315,5.48239602167003,1.1371780708802879,902957070.0,16.54938232900197,2.12998519274824,2973190.0,52,0.554016620498615,0.0,813,0
IRI,1992,119768691216.667,1957.48507794252,3.29798191958058,0.4725694499055693,61184983.0,1.1213973621807798,1.9775061761777,1628760.0,36,0.3835499680375027,1.0,813,3
IRL,1992,55918538121.3989,15714.3847487231,3.34327412603812,0.22063690043793127,3558430.0,0.06521884651835161,0.6822567779864,68890.0,58,0.6179416151715321,0.0,813,2
IRQ,1992,553671957.671958,30.2539012636825,32.5922111964051,0.0021846147754244296,18300845.0,0.33541758618580175,2.95901898094252,437370.0,8,0.08523332623055614,0.0,813,0
ISL,1992,7328497599.30768,28072.4041083276,-3.37389416853765,0.028915938246949584,261057.0,0.004784648402677955,1.25663207739645,100250.0,27,0.287662476028127,0.0,813,0
ISR,1992,79408652426.2417,15500.4201495689,7.75926624282712,0.31332147670316585,5123000.0,0.0938942597475615,3.45546689873163,21640.0,30,0.31962497336458556,0.0,813,2
ITA,1992,1323204350353.5,23297.0460325456,0.834275417393798,5.220946689882441,56797087.0,1.040976076455758,0.0679244330808808,294110.0,304,3.2388663967611335,14.0,813,19
JAM,1992,3535460089.80719,1458.10146892635,1.95554250017773,0.013949809527272991,2424701.0,0.044439880051565905,0.987746266754911,10830.0,36,0.3835499680375027,2.0,813,4
JOR,1992,5310833193.59005,1286.6347360596,14.3497760596895,0.02095487138867418,4127693.0,0.07565228942029892,5.28652677916716,88240.0,4,0.04261666311527807,0.0,813,0
JPN,1992,4064529567505.43,32666.5024513195,0.848069581218368,16.03735068262705,124425000.0,2.280459353716639,0.371192387198527,364600.0,256,2.7274664393777965,14.0,813,22
KEN,1992,8209120763.04955,336.68139978696,-0.799493958641349,0.0323905992776087,24382460.0,0.44688132588805946,3.06483168454324,569140.0,49,0.5220541231621565,9.0,813,8
KOR,1992,366921291824.719,8387.16308258471,6.35159199606441,1.4477555968493256,43747962.0,0.8018119280605994,1.03916135557339,96460.0,226,2.407841466013211,33.0,813,28
KSA,1992,137087850467.29,11730.2687665244,4.58058206179402,0.5409053854222038,11686676.0,0.2141932055298835,4.60467680578702,2149690.0,9,0.09588749200937567,0.0,813,0
KUW,1992,19858555214.7239,12146.19505586,82.8093290262528,0.078355590416901,1634961.0,0.029965538319565273,19.0478598691413,17820.0,32,0.34093330492222457,0.0,813,0
LAO,1992,1127806944.61513,247.345286150532,5.55985776817542,0.0044499702050871635,4559646.0,0.08356911690043525,2.769076698737,230800.0,6,0.06392499467291711,0.0,813,0
LBA,1992,33887047909.2746,7302.68908679226,-2.71227407954309,0.13370759441997698,4640352.0,0.085048295141151,2.08945197161358,1759540.0,5,0.053270828894097594,0.0,813,0
LES,1992,831029861.704746,443.624297195576,6.95636495400254,0.003278981515214741,1873274.0,0.03433333506428919,1.6630030854951,30360.0,6,0.06392499467291711,0.0,813,0
LIB,1992,5843579160.90122,1559.38100628446,16.4383457045728,0.02305691881153702,3747371.0,0.0686817540590434,2.1159367104979,10230.0,12,0.12784998934583422,0.0,813,0
LIE,1992,1631177029.45063,55057.1110625654,3.60829384387156,0.006436109668357253,29627.0,0.0005430031687567841,1.42092267625387,160.0,7,0.07457916045173663,0.0,813,0
MAD,1992,3714966678.33381,290.2120463948,1.18088494825233,0.014658085863373133,12800870.0,0.23461413483794022,3.00913797217694,581540.0,13,0.13850415512465375,0.0,813,0
MAR,1992,33711069430.78,1327.02954101563,-2.097738754022,0.13301323889239616,25212468.0,0.46209369886181584,1.65347397517767,446300.0,44,0.4687832942680588,3.0,813,3
MAS,1992,59167550162.956,3141.43321987651,8.88511797832156,0.23345647638568565,18834572.0,0.3451997258641712,2.64753082839941,328550.0,26,0.2770083102493075,0.0,813,1
MAW,1992,2618837835.02508,258.393430877557,-7.33297833747964,0.010333107446676952,10135079.0,0.1857555612313207,2.91173826494271,94280.0,4,0.04261666311527807,0.0,813,0
MDV,1992,284875809.039634,1194.2325242813,6.67082544437399,0.0011240300198799337,238543.0,0.004372012180941355,2.86660285823986,300.0,7,0.07457916045173663,0.0,813,0
MEX,1992,363157832923.734,4220.56643677057,3.56861354412243,1.4329061759822035,86044809.0,1.577027844266117,1.89386319441602,1943950.0,102,1.0867249094395908,2.0,813,1
MGL,1992,1317611863.84977,607.813424662797,-9.25646570382904,0.005198880503437346,2167790.0,0.03973121946870317,0.112989877088484,1547438.742,33,0.3515874707010441,1.0,813,2
MLI,1992,3680775036.92681,385.278654501558,-5.05918121761043,0.014523176439157716,9553540.0,0.17509712400326347,2.01579765286114,1220190.0,5,0.053270828894097594,0.0,813,0
MLT,1992,3021942758.83978,8220.33403924666,4.69093194898397,0.01192363223379953,367618.0,0.006737696658184475,1.03164027783494,320.0,6,0.06392499467291711,0.0,813,0
MON,1992,2737049230.70442,88614.926367223,1.36663952678862,0.01079953229996099,30887.0,0.0005660964280349273,0.851871454058648,2.027,2,0.021308331557639035,0.0,813,0
MOZ,1992,2798696511.18156,205.585216062094,-7.57664724880097,0.011042773009426155,13613316.0,0.2495046317645198,1.93755044660082,786380.0,6,0.06392499467291711,0.0,813,0
MRI,1992,3267677814.23984,3013.23706337167,6.51269858283476,0.012893225194808365,1084441.0,0.019875616813372115,1.31574311449685,2030.0,13,0.13850415512465375,0.0,813,0
MTN,1992,2164298425.48412,1036.47437808576,1.87412573649613,0.008539638414452258,2088135.0,0.03827130393870278,3.82669577865452,1030700.0,6,0.06392499467291711,0.0,813,0
MYA,1992,2411552288.76212,58.8896739558883,9.66094245346783,0.009515224111927519,40950342.0,0.7505371947100288,1.36750903862328,653540.0,4,0.04261666311527807,0.0,813,0
NAM,1992,3429521699.4026,2346.86242963741,7.18934252280525,0.013531810078762595,1461322.0,0.026783085583218052,3.17286989481137,823290.0,6,0.06392499467291711,0.0,813,2
NCA,1992,1792800000.0,411.473330661786,0.386346578416166,0.007073822892979942,4357026.0,0.07985550087270718,2.26057691432804,120340.0,8,0.08523332623055614,0.0,813,0
NED,1992,363497050125.313,23939.2173482108,1.70607100505794,1.434244619983889,15184166.0,0.27829514473044936,0.756056593396787,33760.0,201,2.1414873215427233,9.0,813,15
NEP,1992,3401211581.29176,165.02959412726,4.10640661731669,0.013420107288939179,20609707.0,0.3777343709504464,2.82065681366559,143000.0,2,0.021308331557639035,0.0,813,0
NGR,1992,52058181853.8055,508.515905682785,4.63119294610988,0.20540515314835026,102372770.0,1.8762864449458077,2.62528760714312,910770.0,55,0.5859791178350735,0.0,813,4
NIG,1992,3386232579.22522,384.029657304316,2.00075236142851,0.01336100487498766,8817633.0,0.16160943260992974,3.11848225510655,1266700.0,3,0.031962497336458555,0.0,813,0
NOR,1992,129998873602.06,30328.210916818,3.56422602983729,0.512934520385909,4286401.0,0.07856108703420016,0.577180268126687,365244.0,83,0.88429575964202,5.0,813,7
NZL,1992,41649829859.6342,11793.1392416214,1.10092234546755,0.1643370816319723,3531700.0,0.064728939517951,1.04173538422176,263310.0,134,1.4276582143618155,13.0,813,10
OMA,1992,14183615084.5254,7317.78815838166,8.41388425937097,0.05596406798869445,1938238.0,0.03552399418789657,4.57977744514796,309500.0,5,0.053270828894097594,0.0,813,0
PAK,1992,48884671947.4657,395.67720859593,7.70589781716029,0.1928834847935058,123546848.0,2.2643645983026546,2.86254207102062,770880.0,27,0.287662476028127,1.0,813,1
PAN,1992,8042337700.0,3139.89952899581,8.20167952936097,0.031732525956791414,2561336.0,0.04694412408447789,2.09377182912446,74340.0,5,0.053270828894097594,0.0,813,0
PAR,1992,7157424031.06045,1682.67444777611,1.69642801124701,0.02824093594694343,4253600.0,0.07795991084564272,2.60163442704891,397300.0,27,0.287662476028127,0.0,813,0
PER,1992,35966302303.263,1567.40910765128,-0.540509124723926,0.1419116759307558,22946340.0,0.42056014214637133,2.0364508690957,1280000.0,16,0.17046665246111228,1.0,813,1
PHI,1992,60422328242.1803,916.515694532029,0.417629066097945,0.23840743460881497,65926125.0,1.208292934784347,2.36968384705809,298170.0,26,0.2770083102493075,1.0,813,1
PNG,1992,4377980510.05598,1050.7071689258,13.8490852689481,0.017274129159445557,4166699.0,0.07636719074680945,3.53853521817667,452860.0,13,0.13850415512465375,0.0,813,0
POL,1992,94337050693.2727,2459.02068468253,2.51497861350261,0.3722242240351861,38363667.0,0.703128657850274,0.306681390812185,306290.0,201,2.1414873215427233,16.0,813,19
POR,1992,107592098307.098,10810.5665079626,1.08947689832507,0.42452445789184423,9952494.0,0.18240914635409866,-0.0777492667122609,91500.0,90,0.9588749200937565,1.0,813,0
PUR,1992,34630430000.0,9659.33889995916,4.56405181441349,0.13664074549740035,3585176.0,0.06570904676648907,0.645450037357204,8870.0,71,0.7564457702961858,0.0,813,1
QAT,1992,7646153846.15385,16280.293589053,11.3305277401187,0.030169309527091553,469657.0,0.008607865772059438,3.20283512184474,11610.0,28,0.2983166418069465,0.0,813,1
ROU,1992,25121666666.6667,1102.10378473246,-8.7672284522824,0.09912216687666109,22794284.0,0.4177732622790719,-0.9034629284532,229460.0,173,1.8431706797357765,24.0,813,18
RSA,1992,146956150986.636,3462.39400202835,-2.13703284500521,0.5798425842890911,42443509.0,0.7779039349295266,1.79631209038171,1213090.0,93,0.9908374174302151,0.0,813,2
RWA,1992,2029026961.55894,264.083914517464,5.87272524167311,0.008005899916972982,7683266.0,0.14081877288963654,2.05526782083456,24670.0,10,0.10654165778819519,0.0,813,0
SAM,1992,132303041.36253,776.740824409711,-0.199987145070338,0.0005220260390457032,170331.0,0.003121823766750322,0.566974044499184,2830.0,5,0.053270828894097594,0.0,813,0
SEN,1992,7769817839.95644,951.204960087807,1.32023303661357,0.030657248611427837,8168395.0,0.1497102092232447,2.79707003044845,192530.0,20,0.21308331557639038,1.0,813,0
SEY,1992,461409398.855893,6520.48950519188,7.17304395387974,0.00182057584151212,70763.0,0.0012969431002374967,0.458917817927268,460.0,11,0.1171958235670147,0.0,813,0
SGP,1992,52131320032.8797,16136.2405377661,6.63980556949564,0.20569373331651508,3230698.0,0.059212179812205244,3.00425639462047,670.0,14,0.14915832090347325,0.0,813,0
SLE,1992,679940813.948366,163.197571684381,-19.012909778472,0.0026828318248434666,4166366.0,0.07636108752828594,-1.89960509806835,72180.0,11,0.1171958235670147,0.0,813,0
SLO,1992,14277261540.7456,7151.15243829224,-5.46369702570964,0.05633356734492877,1996498.0,0.03659178250975738,-0.14669940294923,20140.0,35,0.37289580225868313,0.0,813,2
SOL,1992,269034595.812985,763.857968549522,12.6999978113729,0.0010615255928522417,352205.0,0.006455207447665411,3.01690308400192,27990.0,1,0.010654165778819518,0.0,813,0
SRI,1992,9703011635.86585,579.655117618283,4.39999125181939,0.038285021107005025,16739284.0,0.3067973218591061,1.58927250831319,62710.0,11,0.1171958235670147,0.0,813,0
SUI,1992,284139428246.338,41327.1832947809,-1.15859267203984,1.1211244937121694,6875364.0,0.12601155832032665,1.10252107229095,39529.43,102,1.0867249094395908,4.0,813,1
SUR,1992,404600000.0,968.895253466926,0.400000008536168,0.0015964238858208859,417589.0,0.0076535643243655005,0.618785018405407,160507.61,6,0.06392499467291711,1.0,813,1
SWE,1992,283908914454.48,32753.4287003642,-1.15859275987265,1.120214959052423,8668067.0,0.1588681894216799,0.586529928761034,407339.7,187,1.99232900063925,11.0,813,12
SWZ,1992,1284759927.54594,1361.8169795148,3.22620638317446,0.005069257132673873,943416.0,0.017290912932657717,3.80548239176343,17200.0,6,0.06392499467291711,0.0,813,0
SYR,1992,13253565861.1424,990.138251191708,12.972790068566,0.052294387328294584,13385571.0,0.24533052514999543,3.07043753248059,183780.0,8,0.08523332623055614,0.0,813,0
TAN,1992,6681997469.31292,250.329925537109,0.584322131924068,0.02636505280525422,27457588.0,0.5032422212987562,2.49709386912698,885800.0,9,0.09588749200937567,0.0,813,0
TGA,1992,137066290.550071,1370.36142598699,0.251973395838817,0.0005408203167943621,100022.0,0.0018332015710463786,0.127052743972781,720.0,5,0.053270828894097594,0.0,813,0
THA,1992,111452746517.655,1971.60879910694,8.08338802345332,0.43975735709620617,56528834.0,1.0360595398834251,1.58945961673195,510890.0,46,0.4900916258256978,1.0,813,1
TOG,1992,2390796915.91958,607.946006940374,-3.98068681380465,0.009433329962236593,3932581.0,0.07207627989309491,2.83557163245535,54390.0,6,0.06392499467291711,0.0,813,0
TTO,1992,5439552941.17647,4277.47436935604,10.092979512969,0.02146275888156542,1271674.0,0.023307220158153532,0.750088861459708,5130.0,7,0.07457916045173663,0.0,813,0
TUN,1992,15496708060.4184,1784.81850188268,7.80572887722397,0.06114511838666581,8682512.0,0.15913293714411864,2.10298061493524,155360.0,13,0.13850415512465375,0.0,813,0
TUR,1992,159104772991.851,2743.65320297936,5.03563493261181,0.6277772119434027,57990118.0,1.062841929003268,1.70479077867469,769630.0,41,0.43682079693160025,2.0,813,6
UAE,1992,54239188745.5001,25648.2807476605,3.34528166209122,0.2140107178963513,2114730.0,0.038758736661323595,5.24724401080608,71020.0,13,0.13850415512465375,0.0,813,0
UGA,1992,2857457761.90922,152.113542415537,3.41835689468401,0.011274626356490779,18785032.0,0.34429175755890196,3.40647506748478,199810.0,8,0.08523332623055614,0.0,813,0
URU,1992,12878148790.7348,4101.71054155291,7.93158841395443,0.05081311007089568,3139702.0,0.05754440662071801,0.554068643934089,175020.0,16,0.17046665246111228,0.0,813,0
USA,1992,6520327000000.0,25418.9907763319,3.52249717254271,25.72715216550381,256514000.0,4.701384373391761,1.38688569247935,9158960.0,545,5.806520349456638,94.0,813,108
VAN,1992,209088824.608438,1343.68942861831,2.58541372753479,0.0008249985018861202,155608.0,0.0028519808648835745,2.48222737130955,12190.0,6,0.06392499467291711,0.0,813,0
VEN,1992,60416519620.0849,2907.30334439434,6.01092896174865,0.23838451561954951,20780948.0,0.3808728731822309,2.31745661857209,882050.0,26,0.2770083102493075,0.0,813,0
VIE,1992,9866990236.43587,144.549392371677,8.64604745934572,0.03893202890412183,68260337.0,1.2510743339320873,2.02528655896492,325490.0,7,0.07457916045173663,0.0,813,0
VIN,1992,277955555.555556,2470.51840791008,6.37794062708292,0.0010967248840472166,112509.0,0.0020620631016861992,0.255416614554016,390.0,6,0.06392499467291711,0.0,813,0
YEM,1992,17959367194.005,1198.13031674085,8.20759813722687,0.07086199397611864,14989494.0,0.27472719951600916,3.80262537048437,527970.0,8,0.08523332623055614,0.0,813,0
ZAM,1992,3182810841.01704,389.254665832226,-1.73092217352566,0.012558366907190473,8176680.0,0.14986205656699028,2.41410432516202,743390.0,9,0.09588749200937567,0.0,813,0
ZIM,1992,6755000000.0,631.149149280088,-9.01556538665926,0.026653097747701644,10702700.0,0.19615890958427223,2.82272702015968,386850.0,19,0.20242914979757085,0.0,813,0
ALB,1996,3234486232.04392,1020.97618050188,7.33632894771891,0.010193073508881285,3168033.0,0.05461274822197432,-0.62151139901728,27400.0,7,0.06770480704129993,0.0,841,0
ALG,1996,46941554225.3581,1616.83198721285,4.09999847167964,0.1479303600367636,29033044.0,0.5004917316484715,1.95770195001196,2381740.0,45,0.43524518812264246,2.0,841,3
AND,1996,1224024139.21295,19130.1597151312,4.64973866754707,0.003857356974977324,63984.0,0.0011030005313185831,0.112591492472177,470.0,8,0.07737692233291421,0.0,841,0
ANG,1996,7526421519.16979,531.115366543271,13.544369755809,0.02371856372232717,14170973.0,0.24428905270538406,3.3816089218138,1246700.0,28,0.2708192281651997,0.0,841,0
ANT,1996,679140740.740741,9756.08717951992,6.6049448827643,0.0021402259884940084,69612.0,0.001200019895382427,2.06537047537748,440.0,13,0.12573749879098559,0.0,841,0
ARG,1996,272149750000.0,7663.21271287469,5.52668982715234,0.8576454522178336,35513793.0,0.612211373908136,1.25745217924583,2736690.0,179,1.7313086371989557,1.0,841,3
ARM,1996,1596968946.23708,487.068624404558,5.86540074943565,0.005032645277364163,3278735.0,0.056521106011703466,-0.87594292287609,28470.0,32,0.30950768933165684,0.0,841,2
ARU,1996,1379888268.15642,16620.9545555513,1.18578851134656,0.00434854302733365,83021.0,0.0014311735294854975,3.95074287081186,180.0,3,0.029016345874842826,0.0,841,0
AUS,1996,401962517479.122,22055.838490507,3.86567479160071,1.266733939965039,18224767.0,0.3141711628556729,1.21385498322201,7682300.0,417,4.033272076603153,27.0,841,41
AUT,1996,235952581232.129,29645.9451251491,2.21576713087359,0.7435746614971882,7959017.0,0.1372030504465747,0.135019833748789,82520.0,72,0.6963923009962278,2.0,841,3
AZE,1996,3176507376.31836,409.185543774103,1.29999940463827,0.010010360491736052,7763000.0,0.13382397356567516,1.01179991660887,83217.0,23,0.22245865170712836,0.0,841,1
BAH,1996,3609000000.0,11783.797197226,4.22353036224139,0.01137330619283744,306268.0,0.005279660020096896,1.58198810753699,10010.0,26,0.25147499758197117,1.0,841,1
BAN,1996,46438484107.5795,371.917937677345,4.52291921684423,0.14634499830610057,124862179.0,2.1524607679825585,1.82805195849607,130170.0,4,0.038688461166457105,0.0,841,0
BAR,1996,2363645403.47039,9011.77884838722,3.97647593869304,0.007448728984472578,262284.0,0.004521433348280245,0.0934538510922293,430.0,13,0.12573749879098559,0.0,841,0
BDI,1996,869033856.317093,143.156741187159,-7.99999999794093,0.0027386500803093924,6070506.0,0.10464758913748197,0.0690460841637087,25680.0,7,0.06770480704129993,0.0,841,1
BEN,1996,2361116449.39308,369.394384135736,4.32428403131786,0.007440759306149257,6391858.0,0.11018727760241522,2.6166771873555,112760.0,5,0.04836057645807138,0.0,841,0
BER,1996,2695390000.0,45063.6149332085,2.60047542898441,0.00849418004408759,59813.0,0.0010310979429194549,0.480983673904791,54.0,9,0.08704903762452848,0.0,841,0
BHU,1996,303408345.620078,552.873891403681,5.56517288179062,0.0009561529554445542,548784.0,0.00946031888564543,0.144970771387412,39800.0,2,0.019344230583228553,0.0,841,0
BIH,1996,2786045321.63743,718.933797141505,54.199300436288,0.008779868803021547,3875246.0,0.06680417599697133,4.20786610562907,51200.0,9,0.08704903762452848,0.0,841,0
BIZ,1996,850339100.0,4043.26517997242,1.10530578663676,0.0026797359246444486,210310.0,0.003625469519592573,2.97472085581548,22810.0,5,0.04836057645807138,0.0,841,0
BLR,1996,14500437519.8258,1427.26896385327,2.80000456599095,0.04569629145001029,10159569.0,0.17513769075030952,-0.336671341030207,202854.0,157,1.5185221007834415,0.0,841,15
BOL,1996,7396949126.35685,922.113259069714,4.36134197138718,0.023310547882210545,8021736.0,0.13828424403127978,1.85028162992902,1083300.0,8,0.07737692233291421,0.0,841,0
BOT,1996,4847757217.75815,3156.26865681161,5.82980001379714,0.015277092597977602,1535914.0,0.02647714988215257,2.44368367103611,566730.0,7,0.06770480704129993,0.0,841,0
BRA,1996,850426432991.742,5179.13052002464,2.20886405039022,2.6800111435016993,164202549.0,2.830637327939261,1.51410759163045,8358140.0,221,2.137537479446755,3.0,841,15
BRN,1996,7663377306.04996,25692.2357348562,-0.027315465853718,0.024150162530603467,298276.0,0.005141888385839924,2.40260865216409,5270.0,5,0.04836057645807138,0.0,841,0
BRU,1996,7663377306.04996,25692.2357348562,-0.027315465853718,0.024150162530603467,298276.0,0.005141888385839924,2.40260865216409,5270.0,1,0.009672115291614276,0.0,841,0
BUL,1996,12295588923.8007,1470.26721873691,5.20547920578709,0.03874799048258407,8362826.0,0.14416418981815549,-0.515729879636827,110630.0,110,1.0639326820775703,16.0,841,15
BUR,1996,2586550595.41013,242.733171352672,11.014743869558,0.008151186451888446,10655942.0,0.18369451249843718,2.55894111772828,273600.0,5,0.04836057645807138,0.0,841,0
CAF,1996,1007791127.09913,293.306575328658,-4.00009296364789,0.0031759260368310225,3435965.0,0.0592315457081779,2.59191336397251,622980.0,5,0.04836057645807138,0.0,841,0
CAM,1996,3506695719.57259,324.655870983004,5.89750560694478,0.011050907216351201,10801270.0,0.186199777271122,7.52306354037061,176520.0,5,0.04836057645807138,0.0,841,0
CAN,1996,630607994132.747,21296.9723536904,1.68896122145787,1.987281187288104,29610218.0,0.5104414570276798,1.04531178311831,8965590.0,303,2.9306509333591255,18.0,841,22
CGO,1996,2540697539.05773,898.794050151577,4.29048155870402,0.008006686354971496,2826785.0,0.04873007872160854,2.77351309990398,341500.0,5,0.04836057645807138,0.0,841,0
CHA,1996,1607345355.78298,216.912541056484,2.21447303497622,0.005065345217222241,7410108.0,0.12774057672430736,4.429169919678,1259200.0,4,0.038688461166457105,0.0,841,0
CHI,1996,78584098983.6374,5333.50438729711,7.1148626270751,0.24764783032118418,14734046.0,0.2539956952749507,1.41256567140629,743532.0,21,0.2031144211238998,0.0,841,0
CHN,1996,868523936530.083,713.337387811657,9.97328781228394,2.7370431327140885,1217550000.0,20.988970631828906,1.04814151412165,9388230.0,294,2.843601895734597,53.0,841,50
CIV,1996,18071152830.6101,1170.23622049666,7.72932741916973,0.05694894829595171,15442312.0,0.26620527539365046,3.87367317960594,318000.0,11,0.10639326820775703,0.0,841,0
CMR,1996,11093538846.4483,826.965322327363,4.21507214953058,0.034959881979161306,13414757.0,0.2312528772585284,2.69148816728723,472710.0,15,0.14508172937421412,0.0,841,0
COD,1996,5771456952.1908,127.416132828292,-1.02317264257401,0.01818801526629158,45296124.0,0.780845974597906,1.92231853470865,2267050.0,14,0.13540961408259986,0.0,841,0
COL,1996,97160109277.8087,2664.64056059983,2.05585471287195,0.3061877729415528,36462745.0,0.6285700660842399,1.82129460113512,1109500.0,48,0.4642615339974852,1.0,841,0
COM,1996,392488148.725187,786.380773511866,-0.510368828932258,0.001236876667362558,499107.0,0.008603952334721556,1.72199066913724,1861.0,4,0.038688461166457105,0.0,841,0
CPV,1996,501979269.843942,1179.51522705182,11.3465247642174,0.0015819240616215357,425581.0,0.007336460195034601,1.77250887678015,4030.0,3,0.029016345874842826,0.0,841,0
CRC,1996,11678424726.7825,3226.96401664833,1.35045951266757,0.03680307571839881,3619013.0,0.06238705397988339,2.34382507825926,51060.0,11,0.10639326820775703,0.0,841,1
CRO,1996,24151469716.5173,5299.74887884048,6.11143125777198,0.0761102965067864,4557097.0,0.07855839604073395,-1.37154005901268,55980.0,84,0.8124576844955992,3.0,841,2
CUB,1996,25017368700.0,2282.18809324202,7.83874965899149,0.0788390674325873,10962010.0,0.18897072477993906,0.334878342165694,107400.0,164,1.5862269078247413,31.0,841,25
CYP,1996,10011914680.0502,15139.220703125,1.24854147527125,0.03155128047458437,880290.0,0.015175049039047815,2.01901883303889,9240.0,17,0.1644259599574427,0.0,841,0
CZE,1996,67804105329.8557,6573.19643136362,4.16858426915319,0.2136760462864644,10315241.0,0.1778212725631288,-0.11638129923463,77270.0,115,1.1122932585356418,0.0,841,11
DEN,1996,187481157845.724,35621.9878051732,2.89575069230459,0.5908231126536732,5263074.0,0.09072851679121374,0.565926341934592,40000.0,119,1.1509817197020988,6.0,841,6
DMA,1996,292285185.185185,4210.99532034556,3.10419572470771,0.0009210997247828492,69410.0,0.0011965376794014573,-0.0849660546943118,750.0,6,0.05803269174968565,0.0,841,0
DOM,1996,18241622547.5908,2270.86558687203,5.96119319380874,0.0574861620082897,8032894.0,0.1384765933674959,1.81876652347671,48310.0,16,0.15475384466582842,0.0,841,0
ECU,1996,25226393196.5983,2135.8479374308,1.73174762607862,0.07949778164749896,11810950.0,0.2036053407942176,1.88400623342994,276840.0,19,0.18377019054067126,0.0,841,1
EGY,1996,67629716981.1321,1008.97637629447,4.98873056512208,0.21312648350273017,67028048.0,1.15547594019204,2.07336196347662,995450.0,29,0.28049134345681404,0.0,841,0
ESA,1996,9586327800.0,1651.31016800895,0.811461899328009,0.030210097349490088,5805286.0,0.10007554298662683,0.746151024345767,20720.0,8,0.07737692233291421,0.0,841,0
ESP,1996,642251412058.321,16100.6215831114,2.60741117110229,2.023973943508311,39889852.0,0.6876489114500445,0.416515798212804,499440.0,289,2.795241319276526,22.0,841,17
EST,1996,4786018988.16491,3380.92630243199,4.94301226131752,0.015082532390449863,1415594.0,0.02440299034338894,-1.47536463752721,42390.0,43,0.41590095753941386,2.0,841,0
ETH,1996,8761215548.48614,147.327458851964,12.4261737814951,0.02760986064128043,59467635.0,1.0251443017201107,3.2998173533243,1000000.0,18,0.17409807524905696,3.0,841,3
FIJ,1996,2128696643.62574,2648.32766264,4.80000119270963,0.006708317738880826,803789.0,0.01385627178775995,0.629379907071343,18270.0,17,0.1644259599574427,0.0,841,0
FIN,1996,131991975148.848,25756.6777073618,3.66265716987186,0.4159559845844385,5124573.0,0.08834094057546989,0.328037913627481,304590.0,76,0.735080762162685,5.0,841,4
FRA,1996,1598889216566.23,26757.6351494145,1.39707987198881,5.0386967659832935,59754504.0,1.0300895483351837,0.357448008376034,538950.0,299,2.8919624721926684,29.0,841,37
GAB,1996,5694040002.89863,4942.67870027615,3.62504902027987,0.017944045560330038,1152015.0,0.019859232887705948,2.53192547257579,257670.0,7,0.06770480704129993,0.0,841,0
GAM,1996,848239446.21576,651.784945724837,2.22354563838627,0.0026731191317968146,1301410.0,0.02243460742472051,2.89194004292625,10120.0,9,0.08704903762452848,0.0,841,0
GBR,1996,1425287051482.06,24503.3829602903,2.61491606949487,4.491611540369058,58166950.0,1.0027221923477971,0.254626384215086,241930.0,300,2.901634587484283,20.0,841,15
GBS,1996,702965147.568054,614.729892454585,11.6000000043869,0.0022153055877485823,1143535.0,0.01971304877127713,2.08411932394768,28120.0,3,0.029016345874842826,0.0,841,0
GEO,1996,3094936177.1918,689.034634153312,11.2025463861501,0.009753299193818824,4491699.0,0.07743101999754858,-3.62954607972126,69490.0,34,0.3288519199148854,0.0,841,2
GEQ,1996,232463022.802961,391.686868235732,66.5799972215897,0.0007325777602800297,593492.0,0.010231026371176052,3.8172285032395,28050.0,5,0.04836057645807138,0.0,841,0
GER,1996,2506576553158.31,30599.7891048363,1.0378755674358,7.899158391481445,81914831.0,1.412104621715928,0.289474899455448,349090.0,466,4.507205725892253,82.0,841,65
GHA,1996,6932991739.37767,389.271267898831,4.60246115564627,0.021848444966571037,17810181.0,0.30702424208989954,2.33565497080505,227540.0,35,0.3385240352064997,1.0,841,0
GRE,1996,142502984144.96,13432.5262183244,1.38247057325857,0.44908009755436107,10608800.0,0.18288184603420515,0.44067053086068,128900.0,121,1.1703259502853274,2.0,841,8
GRN,1996,366911444.444444,3508.294236637,4.43823471603358,0.00115627492472234,104584.0,0.0018028914661075064,0.686008648507177,340.0,5,0.04836057645807138,0.0,841,0
GUA,1996,15674835615.3139,1481.05986750672,2.95777988740716,0.049397258236452884,10583526.0,0.18244615530795258,2.58937937554223,107160.0,26,0.25147499758197117,0.0,841,0
GUI,1996,5641243099.76661,726.025442583799,4.46157508517599,0.017777662810162666,7770035.0,0.13394524777075498,2.82968670530382,245720.0,5,0.04836057645807138,0.0,841,0
GUY,1996,705406001.424501,927.523847211669,7.95551754125103,0.0022229976293892968,760526.0,0.013110474213578343,0.281517111831782,196850.0,7,0.06770480704129993,0.0,841,0
HAI,1996,2907517603.76719,377.229465025972,4.14077332856783,0.009162673308038032,7707557.0,0.1328682087110569,1.89933701618306,27560.0,7,0.06770480704129993,0.0,841,0
HKG,1996,159718183550.734,24818.3021600084,4.25847572892732,0.5033316170923553,6435500.0,0.11093960864123438,4.43860779481101,1050.0,23,0.22245865170712836,0.0,841,1
HON,1996,4798834459.45946,812.817047602244,22.957391093437,0.015122918724348018,5903954.0,0.10177645034509368,2.82263280263084,111890.0,7,0.06770480704129993,0.0,841,0
HUN,1996,46833767123.6915,4542.0120380978,0.101234227633242,0.1475906826438867,10311238.0,0.17775226607514946,-0.171771608629025,89860.0,213,2.060160557113841,30.0,841,21
INA,1996,227369679374.973,1118.92133024129,7.81818707670867,0.7165267338594745,203204348.0,3.5029773663766917,1.64546182640737,1811570.0,40,0.38688461166457105,5.0,841,4
IND,1996,392896866204.516,401.046754673579,7.54952224888829,1.2381646887088515,979678458.0,16.888376151778104,1.99775909414655,2973190.0,49,0.47393364928909953,0.0,841,1
IRI,1996,120403931885.441,1914.78121294313,6.35052601873645,0.37943773459536256,62881300.0,1.0839914245749438,1.08043248596744,1628760.0,18,0.17409807524905696,3.0,841,3
IRL,1996,75790786290.3226,20835.8977130847,7.37962465765875,0.23884505931719177,3637510.0,0.06270591808384375,0.791271346994459,68890.0,78,0.7544249927459135,2.0,841,4
IRQ,1996,10433698621.3427,485.258492784825,11.0207856442117,0.032880479120065496,21501321.0,0.3706546712779977,3.19188913877724,437370.0,3,0.029016345874842826,0.0,841,0
ISL,1996,7686566105.26316,28583.5208959793,4.49765336794034,0.024223239093001902,268916.0,0.004635760360091086,0.539913016609299,100250.0,9,0.08704903762452848,0.0,841,0
ISR,1996,115051957577.467,20212.9229756617,5.83892253875895,0.36257166572842225,5692000.0,0.09812264041425005,2.61650594252757,21640.0,25,0.2418028822903569,2.0,841,1
ITA,1996,1314776508972.27,23122.9337219116,1.34558477192847,4.143351568770161,56860281.0,0.9801969266367206,0.0281044080072756,294110.0,340,3.288519199148854,19.0,841,35
JAM,1996,7393891920.80358,2928.89692611996,-0.113731205844019,0.023300913486297058,2524463.0,0.043518442583991374,0.96772367916816,10830.0,46,0.4449173034142567,4.0,841,6
JOR,1996,6927503526.09309,1410.17424189419,2.08702078168048,0.02183114955783257,4912516.0,0.08468535505924982,3.32004503110433,88240.0,5,0.04836057645807138,0.0,841,0
JPN,1996,5021441618840.38,39929.7185750327,3.07546731409349,15.824436979919357,125757000.0,2.167886312469227,0.226884732460898,364500.0,306,2.9596672792339684,22.0,841,14
KAZ,1996,21035357936.8796,1281.39152895397,0.500000002073506,0.06629026508508312,16416027.0,0.2829908493238967,-1.89774390163026,2699700.0,96,0.9285230679949704,0.0,841,11
KEN,1996,12045865396.1323,440.527078880876,4.14683926876013,0.03796101842835071,27344211.0,0.4713784580752601,2.75278021555245,569140.0,52,0.5029499951639423,8.0,841,8
KGZ,1996,1827570586.16784,394.856879614212,7.08450239536558,0.005759357125383831,4628438.0,0.0797882216362703,1.47972661930702,191800.0,33,0.3191798046232711,0.0,841,0
KOR,1996,631196863758.281,13864.9376534518,7.99042982526839,1.9891369352955466,45524681.0,0.7847859985482151,0.952779421852704,96460.0,303,2.9306509333591255,28.0,841,27
KSA,1996,158662483311.081,11471.5045960191,3.30468254228352,0.5000047115580174,13831009.0,0.23842851768679832,3.99580388744035,2149690.0,29,0.28049134345681404,0.0,841,0
KUW,1996,31492373308.7516,18201.0958607918,0.605127158807079,0.09924422398990664,1730246.0,0.02982717956538905,2.85696115718215,17820.0,25,0.2418028822903569,0.0,841,0
LAO,1996,1873671550.34636,371.341879197673,6.9283237283322,0.005904638472401658,5045678.0,0.08698089389319963,2.33129326891339,230800.0,5,0.04836057645807138,0.0,841,0
LAT,1996,5799465288.41246,2360.1714816213,2.29996103802466,0.01827627998887426,2457222.0,0.042359295629652904,-1.12637509582344,62227.0,47,0.45458941870587094,3.0,841,1
LBA,1996,27884615384.6154,5591.02027544558,2.13412320029278,0.08787483204176683,4987393.0,0.08597613667314613,1.628256686488,1759540.0,5,0.04836057645807138,0.0,841,0
LBR,1996,159400000.0,71.4065248720036,12.1212036605122,0.0005023289019502044,2232289.0,0.03848174470268549,2.86865985716056,96320.0,5,0.04836057645807138,0.0,841,0
LCA,1996,788888888.888889,5244.01665086076,2.92258795742219,0.0024860833708674557,150436.0,0.002593320016401637,1.49210520637537,610.0,6,0.05803269174968565,0.0,841,0
LES,1996,946112492.844847,479.671394625707,5.59703605867827,0.0029815536364625013,1972418.0,0.03400190832055415,1.06941770060456,30360.0,9,0.08704903762452848,0.0,841,0
LIB,1996,13690217333.5879,3393.05090749359,11.2859357161668,0.04314298519849979,4034781.0,0.06955435088075337,1.85224110517078,10230.0,1,0.009672115291614276,0.0,841,0
LIE,1996,2504012993.42238,80688.7182490376,6.90530179973636,0.007891079657809967,31033.0,0.0005349683590961738,0.831598896867056,160.0,2,0.019344230583228553,0.0,841,0
LTU,1996,8430207164.43677,2340.67545970008,5.02694376847307,0.026566729662009222,3601613.0,0.062087100722116706,-0.760343408174495,62680.0,61,0.5899990327884708,2.0,841,1
MAD,1996,4931861038.70763,339.877283663608,2.15420447175147,0.015542135132653694,14510711.0,0.25014569177935747,3.2173927391356,581540.0,11,0.10639326820775703,0.0,841,0
MAR,1996,43161571527.6353,1596.83239746094,12.3728762700496,0.13601822353778076,26808107.0,0.46213672581653886,1.53619606424248,446300.0,34,0.3288519199148854,3.0,841,2
MAS,1996,100855393910.486,4837.16897250768,10.0027006861844,0.3178329942208894,20850087.0,0.35942824829705367,2.52310298452386,328550.0,35,0.3385240352064997,1.0,841,2
MAW,1996,3319573749.6119,320.662735559137,7.3166817822397,0.010461216038803442,10352228.0,0.17845888010019867,1.97165297305688,94280.0,2,0.019344230583228553,0.0,841,0
MDA,1996,1695122173.91304,575.145455139019,-5.87706028626823,0.005341962737096492,2947293.0,0.05080747913465149,-0.200220624729015,32930.0,40,0.38688461166457105,0.0,841,2
MDV,1996,450382327.952421,1716.74281753716,7.85864699857959,0.0014193228372529267,262347.0,0.004522519385937677,2.19586623197496,300.0,6,0.05803269174968565,0.0,841,0
MEX,1996,432157945024.428,4674.36792733681,6.21829715869302,1.3618910037213157,92452702.0,1.5937637444961024,1.73503044582092,1943950.0,98,0.9478672985781991,1.0,841,1
MGL,1996,1345719472.35883,595.5810149554,2.23509384338665,0.004240864397007651,2259507.0,0.03895094744808167,1.54144516833781,1547438.742,16,0.15475384466582842,2.0,841,1
MKD,1996,4642021256.30689,2306.53366957635,1.18510388873231,0.014628741784881737,2012553.0,0.03469378326310966,0.699015358344186,25430.0,11,0.10639326820775703,0.0,841,0
MLI,1996,3743103419.72181,359.662096056414,6.36569576896082,0.011795916127446123,10407278.0,0.17940787014847775,2.15534830365536,1220190.0,3,0.029016345874842826,0.0,841,0
MLT,1996,3822547151.38465,10061.8500714248,3.77733599690488,0.012046272981229194,379905.0,0.006549065654704087,0.656524533590292,320.0,7,0.06770480704129993,0.0,841,0
MON,1996,3137886994.52207,98561.0137425657,1.11073179729593,0.0098886532522089,31837.0,0.0005488282682481516,0.71872452628236,2.027,3,0.029016345874842826,0.0,841,0
MOZ,1996,4030146134.5706,244.362651012498,10.6959109797718,0.012700494871252889,16492480.0,0.28430879911792173,3.2785719951388,786380.0,3,0.029016345874842826,0.0,841,1
MRI,1996,4481489761.54368,3951.94494649336,5.5878439266625,0.014122847120560356,1133996.0,0.019548608878987683,1.02276454116174,2030.0,26,0.25147499758197117,0.0,841,0
MTN,1996,2132087009.28942,904.120879798142,5.81882663043594,0.00671900204666656,2358188.0,0.04065207890955718,1.97732237962951,1030700.0,4,0.038688461166457105,0.0,841,0
MYA,1996,6123556716.81329,141.897267580367,6.44271534713997,0.019297613058887195,43154860.0,0.7439333819232787,1.28154909567186,653540.0,3,0.029016345874842826,0.0,841,0
NAM,1996,3989163196.56767,2423.3982907313,3.19132430111469,0.012571342335207061,1646103.0,0.028376664222385495,2.70517158693344,823290.0,8,0.07737692233291421,2.0,841,2
NCA,1996,4308351902.78601,910.861645917295,6.3442683605154,0.013577225097500442,4729974.0,0.08153856956618973,1.85738578138211,120340.0,26,0.25147499758197117,0.0,841,0
NED,1996,451372549019.608,29063.6236532536,3.42063535269868,1.4224433934722993,15530498.0,0.2677254867723523,0.461395747607711,33760.0,239,2.311635554695812,15.0,841,19
NEP,1996,4521580381.47139,198.821907435345,5.32828417508708,0.014249187629260415,22741862.0,0.39203997670001706,2.20703682810923,143000.0,6,0.05803269174968565,0.0,841,0
NGR,1996,185730236700.0,1632.72469370276,4.19592404666709,0.5853053065273687,113754779.0,1.9609837096309701,2.61429682326517,910770.0,65,0.628687493954928,4.0,841,6
NIG,1996,2405686940.0464,239.494513213973,0.100530504281409,0.007581217559783285,10044852.0,0.17316011960828537,3.34376645351566,1266700.0,3,0.029016345874842826,0.0,841,0
NOR,1996,162427517132.314,37072.6000316602,4.96949434701779,0.5118697385669594,4381336.0,0.07552850612473798,0.506881682762136,365244.0,97,0.9381951832865847,7.0,841,7
NRU,1996,37458801.2139605,3678.56242894634,-11.8595716961284,0.00011804666550928333,10183.0,0.00017554161056540903,0.176921610921852,20.0,3,0.029016345874842826,0.0,841,0
NZL,1996,70140835299.0148,18794.436039393,3.59083953715972,0.22103995469023993,3732000.0,0.06433480218306065,1.58266192727998,263310.0,95,0.9188509527033561,10.0,841,6
OMA,1996,17402080624.1873,8068.00076784612,3.04593990978547,0.054840452017546656,2156926.0,0.03718258508400328,1.70189456325344,309500.0,4,0.038688461166457105,0.0,841,0
PAK,1996,63320170084.4076,456.996961832943,4.84658128681654,0.19954549253325382,138557092.0,2.3885431685102176,2.9106898704011,770880.0,24,0.2321307669987426,1.0,841,0
PAN,1996,9197503300.0,3308.18429574276,4.0797027065703,0.02898476620685309,2780227.0,0.04792747965407399,2.02267329531161,74340.0,7,0.06770480704129993,0.0,841,0
PAR,1996,9788391780.52421,2088.17109102236,1.57378513175006,0.030846876379982017,4687543.0,0.0808071145845634,2.32519254374256,397300.0,7,0.06770480704129993,0.0,841,0
PER,1996,55252414130.3019,2226.91682429265,2.79897307912609,0.1741209819333282,24811171.0,0.42771215922162137,1.88065410074516,1280000.0,29,0.28049134345681404,1.0,841,0
PHI,1996,94648084429.0341,1311.09249403865,5.8603478716379,0.29827144493680646,72190242.0,1.244465417635926,2.30364180162275,298170.0,12,0.1160653834993713,1.0,841,1
PLE,1996,3409600000.0,1317.46675131385,1.21453753437805,0.010744922359406632,2587997.0,0.04461368570347116,4.47787800224899,6020.0,1,0.009672115291614276,0.0,841,0
PNG,1996,5155311077.38998,1071.04185150251,7.73369579796399,0.01624630961553974,4813361.0,0.0829760524573041,3.5759668470744,452860.0,11,0.10639326820775703,0.0,841,0
POL,1996,160813026223.063,4163.51195431959,6.09387747385628,0.5067818750434171,38624370.0,0.6658336557865332,0.0760741823645528,306290.0,165,1.5958990231163557,19.0,841,17
POR,1996,122630089680.27,12185.0914010629,3.50424653058748,0.3864531888026671,10063945.0,0.1734892579732589,0.375996187340096,91500.0,107,1.0349163362027276,0.0,841,2
PUR,1996,45340835000.0,12173.163688986,2.31370752929453,0.1428858962299586,3724655.0,0.06420818398315856,1.12186266889252,8870.0,69,0.667375955121385,1.0,841,1
QAT,1996,9059340659.34066,17124.7926054464,4.3739105695453,0.028549364151815783,529019.0,0.009119596118992646,2.81689866772079,11610.0,12,0.1160653834993713,1.0,841,0
ROU,1996,36937074278.3004,1633.01064354117,3.90770208816159,0.11640250918112786,22619004.0,0.3899220653584827,-0.288129485530899,229520.0,165,1.5958990231163557,18.0,841,19
RSA,1996,163234925380.563,3617.55336002932,4.29999999726792,0.5144141833522069,45123018.0,0.777861853411759,1.29699420436442,1213090.0,84,0.8124576844955992,2.0,841,5
RUS,1996,391724890744.498,2643.92919921875,-3.7550694383594,1.2344713565511134,148160129.0,2.5540869749817112,-0.145451546598357,16377960.0,390,3.772124963729568,0.0,841,63
RWA,1996,1382334879.40812,206.04911417485,12.7456957642204,0.004356253212675968,6708764.0,0.1156503228383812,16.7499598547072,24670.0,4,0.038688461166457105,0.0,841,0
SAM,1996,249907868.772424,1419.35849045228,7.17896881783187,0.0007875529818642883,176071.0,0.0030352339108182394,0.855578710009327,2830.0,5,0.04836057645807138,0.0,841,0
SEN,1996,6559712165.96508,723.469950081149,2.01997720854131,0.020672101690330215,9067014.0,0.15630347054690283,2.44401329997373,192530.0,11,0.10639326820775703,0.0,841,0
SEY,1996,535250347.089479,7004.33603896356,9.99794595219808,0.0016867736456833366,76417.0,0.0013173292010779595,1.46719302641952,460.0,9,0.08704903762452848,0.0,841,0
SGP,1996,96293086513.0872,26232.866096827,7.47139086002002,0.3034554605615756,3670704.0,0.06327813925845911,4.06431846839031,670.0,14,0.13540961408259986,0.0,841,0
SKN,1996,333944444.444444,7788.42839854571,5.84283802585985,0.0010523836015693137,42877.0,0.0007391434386932183,1.29339971902145,260.0,10,0.09672115291614276,0.0,841,0
SLE,1996,941709422.502965,224.258711163044,1.75382062624389,0.0029676779182062456,4199210.0,0.07238889192795554,0.478159659694952,72180.0,14,0.13540961408259986,0.0,841,0
SLO,1996,21470699362.6062,10796.7399446283,2.91361775262531,0.06766218842484899,1988628.0,0.034281347533680465,-0.0625361337459717,20140.0,37,0.3578682657897282,2.0,841,2
SOL,1996,510586430.190127,1289.33036923435,1.60990760846707,0.0016090484368135587,396009.0,0.006826677566375043,2.88873510615365,27990.0,4,0.038688461166457105,0.0,841,0
SOM,1996,1792234297.39194,237.241440951671,8.04601505009022,0.005647999288873209,7554474.0,0.13022925787435016,3.63215700093217,627340.0,4,0.038688461166457105,0.0,841,0
SRI,1996,13897738375.2488,776.192371057587,3.79996720568178,0.043796961465683494,17905018.0,0.3086591080155788,1.92257845082404,62710.0,9,0.08704903762452848,0.0,841,0
STP,1996,135188165.74708,987.048712395264,1.50000107570656,0.00042602837425591555,136962.0,0.002361045867255185,1.5206817055962,960.0,2,0.019344230583228553,0.0,841,0
SUI,1996,345373647249.191,48837.8072568268,0.560166924751584,1.0884012859800714,7071850.0,0.12190945091593713,0.441636406706345,39528.454,115,1.1122932585356418,1.0,841,7
SUR,1996,861372806.2082,1962.88495820295,1.00000122281456,0.0027145072516457426,438830.0,0.007564855638261655,2.12435847636189,160507.61,7,0.06770480704129993,1.0,841,0
SVK,1996,21864845213.7406,4069.11897669644,6.11957878556568,0.06890428913130175,5373361.0,0.09262972052335823,0.211674396431709,48100.0,71,0.6867201857046136,0.0,841,3
SWE,1996,291949597375.485,33022.2444768661,1.70471985374236,0.9200421623239128,8840998.0,0.1524072501154434,0.159147080582875,407339.7,177,1.7119644066157267,12.0,841,8
SWZ,1996,1602741833.70552,1619.19119707662,3.84205383650107,0.005050837800721148,989841.0,0.017063565093162626,1.98019605226475,17200.0,6,0.05803269174968565,0.0,841,0
SYR,1996,13789560878.2435,918.195857362788,9.82556940470964,0.043456053791364836,15018104.0,0.25889248392407066,2.70847861472762,183780.0,7,0.06770480704129993,0.0,841,1
TAN,1996,9433528150.36609,313.658386230469,4.54436680394173,0.02972856861536852,30945762.0,0.5334644899984123,1.83364600544135,885800.0,7,0.06770480704129993,0.0,841,0
TGA,1996,222100576.345483,2214.91474789811,0.0929181768768501,0.0006999218233258095,100275.0,0.001728609938077815,0.0498753127545872,720.0,5,0.04836057645807138,0.0,841,1
THA,1996,183035237429.281,3054.65690806473,5.65194446499471,0.5768123578170997,59920064.0,1.0329435863441407,1.38103987322343,510890.0,37,0.3578682657897282,1.0,841,2
TJK,1996,1043654822.33503,172.035088688368,-16.6999984353389,0.0032889459279710877,6066523.0,0.10457892742336215,1.96324157737844,139960.0,8,0.07737692233291421,0.0,841,0
TKM,1996,2378759975.44506,557.894220051334,6.69999198681985,0.00749636064283822,4263819.0,0.07350266664238356,1.7177432660259,469930.0,7,0.06770480704129993,0.0,841,0
TOG,1996,2069506014.46659,482.27462715388,8.83621162979911,0.006521785971307066,4291136.0,0.07397357601838427,4.30189881851522,54390.0,5,0.04836057645807138,0.0,841,0
TTO,1996,5759570336.11287,4427.27832448289,7.13447746480871,0.018150556101910593,1300928.0,0.022426298374706513,0.443666738699283,5130.0,12,0.1160653834993713,0.0,841,2
TUN,1996,19587161806.7655,2107.40815649257,7.14608096782061,0.061726458486282915,9294432.0,0.16022385962591337,1.44320056827616,155360.0,51,0.4932778798723281,0.0,841,1
TUR,1996,250366965174.129,4041.36210281686,7.15779847930847,0.7889997660007861,61951134.0,1.0679565784850702,1.5070440949697,769630.0,53,0.5126221104555567,6.0,841,6
UAE,1996,73571217376.7336,28323.1586889615,5.79855087420329,0.23185036913421828,2597564.0,0.04477860827916391,6.47661448989632,71020.0,4,0.038688461166457105,0.0,841,0
UGA,1996,6044585326.938,284.698259285733,9.07211457909349,0.019048744730395754,21231550.0,0.36600417183541295,2.70145587024081,199810.0,10,0.09672115291614276,0.0,841,1
UKR,1996,44558831005.0621,869.846069335938,-10.0,0.14042150972997222,51226109.0,0.8830711653598345,-0.854165873072084,579350.0,231,2.2342586323628977,0.0,841,23
URU,1996,20515458113.5857,6398.43575184095,5.57795776385868,0.06465186667003085,3206324.0,0.05527283501468373,0.527975679567825,175020.0,14,0.13540961408259986,0.0,841,0
USA,1996,8073122000000.0,29967.7127181749,3.77277269047364,25.441421013613798,269394000.0,4.644000455333183,1.16341161998189,9158960.0,648,6.267530708966051,108.0,841,101
UZB,1996,13948892215.5689,597.33228695111,1.700000003062,0.04395816631159649,23351981.0,0.40255763081929,1.87771255752777,425400.0,71,0.6867201857046136,0.0,841,2
VAN,1996,261370044.486614,1529.27573115021,2.32733541644214,0.0008236745762210597,170911.0,0.002946282255066741,2.23291177885691,12190.0,4,0.038688461166457105,0.0,841,0
VEN,1996,70543211119.099,3112.825848106,-0.25316455696202,0.22230799110099408,22662113.0,0.39066520817394607,2.08805824636671,882050.0,39,0.37721249637295673,0.0,841,0
VIE,1996,24657470574.7501,337.051231790277,9.34001749939179,0.07770489409462794,73156447.0,1.2611215289819293,1.52407678637018,325490.0,6,0.05803269174968565,0.0,841,0
VIN,1996,331488888.888889,2930.44394742606,1.28791200314089,0.0010446452293867564,113119.0,0.0019500237106499561,0.0636700498150164,390.0,8,0.07737692233291421,0.0,841,0
YEM,1996,6496163615.66086,375.214994663363,4.63496731668951,0.02047183648647296,17313177.0,0.2984565427265046,3.36633580657249,527970.0,4,0.038688461166457105,0.0,841,0
ZAM,1996,3597220962.00017,399.511304742449,6.21854648894293,0.011336186047138042,9004053.0,0.15521810519849777,2.45422388426954,743390.0,8,0.07737692233291421,0.0,841,1
ZIM,1996,8557500000.0,766.913775859535,10.3607384594087,0.026967876903631588,11158360.0,0.19235554214559927,1.66055720411375,386850.0,13,0.12573749879098559,0.0,841,0
ALB,2000,3584570164.85195,1160.42047054038,7.46285871776054,0.010666298823194793,3089027.0,0.0503151636198325,-0.637356833943492,27400.0,4,0.03756926833849911,0.0,925,0
ALG,2000,54790398570.3282,1772.92869122761,3.80000000158476,0.1630351023739,30903893.0,0.5033735324374945,1.3996685583388,2381740.0,47,0.4414389029773645,3.0,925,5
AND,2000,1432606188.65883,21810.2487426174,3.52836236122388,0.0042628836935667495,65685.0,0.001069900496942467,-0.038053198830509,470.0,5,0.04696158542312388,0.0,925,0
ANG,2000,9129594970.15301,563.733795571487,3.05462423452938,0.027166154826937274,16194869.0,0.263787750491256,3.31228746945312,1246700.0,30,0.28176951253874327,0.0,925,0
ANT,2000,901003703.703704,12027.4949768222,6.20355212555867,0.00268103965120903,74912.0,0.0012201931343069816,1.67727282735622,440.0,3,0.02817695125387433,0.0,925,0
ARG,2000,284203750000.0,7637.01489203628,-0.78899893905691,0.8456807887028067,37213984.0,0.6061545250028014,1.13312807570195,2736690.0,143,1.3431013431013432,3.0,925,4
ARM,2000,1911563668.85006,593.450581742282,5.90000000312092,0.0056880764983880385,3221100.0,0.05246641532619899,1.68478463633775,28470.0,25,0.23480792711561943,2.0,925,1
ARU,2000,1873452513.96648,20681.0230269625,7.62292064930222,0.005574672394746476,90588.0,0.0014755293631274142,1.03081685259869,180.0,5,0.04696158542312388,0.0,925,0
AUS,2000,416901962163.479,21908.9968019784,3.9160574881715,1.2405395079204922,19028802.0,0.3099478528738648,1.14447285147721,7682300.0,617,5.795059641213488,41.0,925,58
AUT,2000,196181599831.287,24487.2974685956,3.18952292988787,0.5837608056695283,8011566.0,0.1304952187666495,0.240466652446524,82520.0,92,0.8640931717854794,3.0,925,3
AZE,2000,5272615722.96892,655.097249579917,11.0999991434346,0.01568927159872864,8048600.0,0.13109844164864337,0.821519963674211,82605.0,31,0.29116182962336806,1.0,925,3
BAH,2000,8076470000.0,24940.0775086078,4.14841930754267,0.02403246093527815,323835.0,0.00527473894233636,1.31201091278679,10010.0,25,0.23480792711561943,1.0,925,3
BAN,2000,53369787318.6245,396.670730249751,5.29329471892532,0.15880791098820973,134544304.0,2.1915051794226743,1.82732806740512,130170.0,5,0.04696158542312388,0.0,925,0
BAR,2000,3059500000.0,11674.6736471764,4.44718949183194,0.009103892447007603,262063.0,0.004268574772478249,-0.173090896850965,430.0,18,0.16906170752324598,0.0,925,1
BDI,2000,870486065.883137,134.537861752389,-0.856864058424151,0.0025902309267588994,6470194.0,0.10538880681912413,2.07761630416467,25680.0,6,0.05635390250774866,1.0,925,0
BEL,2000,236792460312.471,23098.8865077401,3.71670510672588,0.7046030694384874,10251250.0,0.16697598339470907,0.242517956221334,30333.0,68,0.6386775617544849,6.0,925,5
BEN,2000,3519991440.47913,487.424141384242,5.85771420543269,0.01047413743700257,7221619.0,0.11762828281691652,3.07665265205002,112760.0,4,0.03756926833849911,0.0,925,0
BER,2000,3480219000.0,56542.9569455727,9.31715641086083,0.010355789987917094,61550.0,0.001002548155390254,0.694526488745174,54.0,6,0.05635390250774866,0.0,925,0
BHU,2000,460733418.399276,771.924911410619,3.35506838174288,0.0013709650229936795,596863.0,0.009721915510490549,2.42228077592733,39800.0,2,0.018784634169249553,0.0,925,0
BIH,2000,5567772768.81188,1338.48059636261,5.41431598814764,0.01656754517295018,4159771.0,0.06775582035574124,0.710877055593974,51200.0,9,0.08453085376162299,0.0,925,0
BIZ,2000,1138138100.0,4726.50675459616,12.2406120663359,0.003386660190306123,240799.0,0.00392221922452994,3.26709202067925,22810.0,2,0.018784634169249553,0.0,925,0
BLR,2000,12736856827.9847,1276.2880341,5.80000327485702,0.03789997537993369,9979610.0,0.1625514150611557,-0.471131334643547,202848.0,139,1.305532074762844,15.0,925,17
BOL,2000,8397855484.76908,975.777060358751,2.50781081484664,0.02498878023168838,8606326.0,0.14018287986981615,1.71712723342906,1083300.0,5,0.04696158542312388,0.0,925,0
BOT,2000,5788329609.15755,3450.81180622992,1.98769583378552,0.017223837296813167,1677382.0,0.027321790901459225,2.13210606291764,566730.0,7,0.06574621959237344,0.0,925,0
BRA,2000,655448231983.527,3766.54811466032,4.38794944745618,1.9503612382936162,174018282.0,2.834471285512284,1.37521128317928,8358140.0,198,1.8596787827557058,15.0,925,12
BRN,2000,6570999087.56742,20130.2572346624,3.47467627672586,0.019552759915868242,326424.0,0.00531690948944124,2.17184750364769,5270.0,4,0.03756926833849911,0.0,925,0
BRU,2000,6570999087.56742,20130.2572346624,3.47467627672586,0.019552759915868242,326424.0,0.00531690948944124,2.17184750364769,5270.0,2,0.018784634169249553,0.0,925,0
BUL,2000,13246669553.9701,1621.3452487867,4.58722553234129,0.039416981500373906,8170172.0,0.1330786493553388,-0.493896416633318,110630.0,91,0.8547008547008548,15.0,925,13
BUR,2000,2968370087.59759,248.908526921752,1.88847388906525,0.00883272496172675,11925546.0,0.19424750843739438,2.98414422391968,273600.0,4,0.03756926833849911,0.0,925,0
CAF,2000,916777282.691659,239.154133726071,-2.48943244028874,0.0027279757409657615,3833416.0,0.06244003476268865,2.74955419856204,622980.0,3,0.02817695125387433,0.0,925,0
CAM,2000,3694168979.32019,296.426687526334,9.99358032292079,0.01099242264056312,12462336.0,0.20299093369055332,1.59016992993238,176520.0,4,0.03756926833849911,0.0,925,0
CAN,2000,744773415931.587,24271.0020563821,5.13853918994158,2.216158547485415,30685730.0,0.4998200163818584,0.931281553452429,8965590.0,294,2.7613412228796843,22.0,925,14
CGO,2000,3227927697.57921,1024.30159109181,7.5759803952642,0.009605068339754212,3151345.0,0.051330221230679124,3.83186610159414,341500.0,5,0.04696158542312388,0.0,925,0
CHA,2000,1388506771.58756,163.121663683369,-0.879681024156014,0.004131660830356234,8512093.0,0.13864797945833135,3.45886279310456,1259200.0,2,0.018784634169249553,0.0,925,0
CHI,2000,78339750721.364,5052.99245766325,4.9716214882971,0.2331088952092447,15503635.0,0.25252868677650336,1.19601925947085,743532.0,50,0.46961585423123886,0.0,925,1
CHN,2000,1223754919971.05,969.199513696287,8.57357328926101,3.6414228380169424,1262645000.0,20.566408053009383,0.787956592953992,9388220.0,271,2.5453179299333146,50.0,925,58
CIV,2000,16577533891.8785,936.636541348798,-0.265789462275947,0.049328349595778795,17699004.0,0.28828763302103544,2.76729583954346,318000.0,14,0.13149243918474687,0.0,925,0
CMR,2000,10566579294.9831,708.565731625965,3.83241779430614,0.03144206616581258,14912631.0,0.24290220472892804,2.63276307164066,472710.0,34,0.31933878087724243,0.0,925,1
COD,2000,19088046305.7971,377.925421481395,-6.91092731714194,0.05679866664209106,50507442.0,0.8226830675967547,3.20780748301006,2267050.0,2,0.018784634169249553,0.0,925,0
COL,2000,99875074951.0278,2555.00751039968,2.92486148176778,0.2971897174345417,39089934.0,0.6367106616738714,1.63798274950516,1109500.0,44,0.41326195172349023,0.0,925,1
COM,2000,339504306.290689,633.309032776244,-1.00701887109655,0.0010102339237673997,536080.0,0.008731860522203209,1.91989444545768,1861.0,2,0.018784634169249553,0.0,925,0
CPV,2000,539227277.626411,1189.51479345891,14.2848688450919,0.0016045324857014397,453317.0,0.007383787524891045,1.51097073984668,4030.0,2,0.018784634169249553,0.0,925,0
CRC,2000,15013629579.1557,3812.75386183689,3.80207210664838,0.044674773305391574,3937739.0,0.06413928466057292,1.93953648052985,51060.0,7,0.06574621959237344,1.0,925,2
CRO,2000,22134069750.2586,4953.57515008131,2.94765913375998,0.06586245805553807,4468302.0,0.07278128233674384,-0.986434858645568,55912.0,88,0.8265239034469805,2.0,925,2
CUB,2000,30565400000.0,2751.3817714814,5.9147601740486,0.0909508462819958,11109109.0,0.18094909400453732,0.332523063476085,107400.0,229,2.1508406123790738,25.0,925,29
CYP,2000,9985847313.85485,14388.3525390625,5.96530445494226,0.029714031684123007,947667.0,0.015435935057257774,1.74925863858297,9240.0,22,0.20663097586174511,0.0,925,0
CZE,2000,62175642238.0847,6062.92152842793,4.010669619984,0.185010740238322,10255063.0,0.16703809088644753,-0.280414108078884,77270.0,119,1.1176857330703485,11.0,925,8
DEN,2000,164043817223.59,30722.0251837567,3.72400899471576,0.4881311549600055,5339616.0,0.08697355274236047,0.334233618829261,40000.0,97,0.9110547572086033,6.0,925,6
DMA,2000,333470370.37037,4867.39896323759,2.3402193777688,0.0009922792567790945,68511.0,0.001115931383817087,-0.522635323904246,750.0,4,0.03756926833849911,0.0,925,0
DOM,2000,24305780628.6677,2831.45883638033,4.65172550299128,0.07232463235298305,8584190.0,0.13982232087765176,1.62045560357101,48310.0,13,0.1221001221001221,0.0,925,0
ECU,2000,17539454727.3637,1382.23421759909,1.09180164720277,0.05219065514531074,12689206.0,0.2066862724397554,1.73622001498213,248360.0,10,0.09392317084624777,1.0,925,0
EGY,2000,99838543960.0763,1366.09274372613,6.37000382991766,0.29708101528954894,73083284.0,1.1904063617231855,2.16091978529782,995450.0,89,0.8359162205316052,0.0,925,0
ERI,2000,706370815.584416,314.357396753501,-3.14198590251638,0.002101887214507457,2247031.0,0.0366004351609215,1.53601457156771,101000.0,3,0.02817695125387433,0.0,925,0
ESA,2000,11784927700.0,1982.87093542615,1.12790697674419,0.035067401299742014,5943366.0,0.09680764614312191,0.497012728838862,20720.0,8,0.07513853667699821,0.0,925,0
ESP,2000,598102854756.08,14743.2671031455,5.20064125553942,1.7797235044770587,40567864.0,0.6607837079012624,0.447137014535835,499000.0,321,3.0149337841645534,17.0,925,11
EST,2000,5686579747.53524,4070.60902410208,10.0876385800462,0.016921068937046077,1396985.0,0.022754585456667007,0.483707161729931,42390.0,33,0.30994646379261764,0.0,925,3
ETH,2000,8242349617.8638,122.269202606069,6.07321748125295,0.024526054725172823,67411494.0,1.0980222414589957,3.06823302462214,1000000.0,26,0.2442002442002442,3.0,925,8
FIJ,2000,1678219507.89829,1995.72071163264,-1.69999776168213,0.004993734238397143,840909.0,0.013697023018701272,1.08577609197596,18270.0,7,0.06574621959237344,0.0,925,0
FIN,2000,125967821110.589,24335.9225082659,5.75373770498848,0.3748316702646498,5176209.0,0.08431192176871538,0.2076065154133,304590.0,70,0.6574621959237344,4.0,925,4
FRA,2000,1360959069477.49,22340.5939516217,4.14099996402915,4.049689489557973,60918661.0,0.9922646826059175,0.686335719566776,538950.0,336,3.155818540433925,37.0,925,38
FSM,2000,229616800.0,2049.34490021777,4.62454546471687,0.000683251070837083,112044.0,0.0018250122749398153,0.325401227572671,700.0,5,0.04696158542312388,0.0,925,0
GAB,2000,5080483628.53013,3982.906200928,-1.88296639760897,0.015117560559869663,1275572.0,0.020776967598171523,2.58540209287646,257670.0,5,0.04696158542312388,0.0,925,0
GAM,2000,782913871.80966,538.054072348854,5.50000021632955,0.0023296498395899467,1455084.0,0.023700922504270878,2.73837212713207,10120.0,2,0.018784634169249553,0.0,925,0
GBR,2000,1671597821152.97,28383.8761094996,4.52438074810904,4.974030651553813,58892514.0,0.9592620841103935,0.357300887421605,241930.0,310,2.911618296233681,15.0,925,28
GBS,2000,391345597.488269,316.945495037639,1.10027815777423,0.0011644936195924593,1234741.0,0.02011189783809452,2.00706384351502,28120.0,3,0.02817695125387433,0.0,925,0
GEO,2000,3057475335.18846,749.908534993961,1.84038117927339,0.009097867825113338,4077131.0,0.06640975082590451,-1.9446291567975,69490.0,36,0.33812341504649196,2.0,925,6
GEQ,2000,1045998496.43872,1487.3165506701,18.2137799569674,0.0031124882534106133,703279.0,0.011455256932164136,5.26428495953201,28050.0,4,0.03756926833849911,0.0,925,0
GER,2000,1966980701145.1,23925.8559901991,2.8765231247659,5.852976221135674,82211508.0,1.339090100686452,0.135431600393084,348950.0,422,3.9635578097116557,65.0,925,56
GHA,2000,4982850662.20851,253.746936203344,3.70000008164408,0.014827042493298543,19637087.0,0.319855813957562,2.51243583964957,227540.0,22,0.20663097586174511,0.0,925,0
GRE,2000,125760166224.805,11638.2010697215,4.13782699405849,0.37421376938337075,10805808.0,0.17600882011212432,0.409041838238246,128900.0,140,1.314924391847469,8.0,925,13
GRN,2000,520044370.37037,4839.82811114248,4.88795213650562,0.0015474515494439077,107451.0,0.0017501998675034638,0.676075747933343,340.0,3,0.02817695125387433,0.0,925,0
GUA,2000,19288929030.0508,1648.96578971559,3.6088687174876,0.057396416181580374,11697592.0,0.19053451311304295,2.37572059022903,107160.0,15,0.14088475626937164,0.0,925,0
GUI,2000,4367458866.71537,518.157066924026,2.50306056299607,0.012995873766728696,8428832.0,0.1372917948609967,1.96135964318577,245720.0,6,0.05635390250774866,0.0,925,0
GUY,2000,712667896.727512,931.796651718955,-1.36380390261873,0.0021206249002263086,764832.0,0.012457853952614766,0.0456413500238234,196850.0,4,0.03756926833849911,0.0,925,0
HAI,2000,6813566098.8675,820.600046761464,0.870059259424892,0.020274545822737994,8303151.0,0.13524465830993898,1.84581482966936,27560.0,5,0.04696158542312388,0.0,925,0
HKG,2000,171668891194.349,25756.7728723704,7.66344398397743,0.5108204353425082,6665000.0,0.10856187580302265,0.881594075853745,1050.0,31,0.29116182962336806,1.0,925,0
HON,2000,7186638029.05875,1092.56400746252,9.61221879337278,0.02138466405364457,6577773.0,0.10714109159587033,2.73259067031821,111890.0,20,0.18784634169249553,0.0,925,0
HUN,2000,47275954428.9586,4629.91760812548,4.40937501806403,0.14067501371167573,10210971.0,0.16631990480574133,-0.259764908288633,89620.0,178,1.6718324410632104,21.0,925,17
INA,2000,165021012077.81,763.711124950924,4.9200677470169,0.4910389101005801,216077790.0,3.5195514181202716,1.43244007763682,1877519.0,47,0.4414389029773645,4.0,925,6
IND,2000,468395521654.458,442.750218937263,3.84099115686554,1.3937644882504352,1057922733.0,17.231819407222847,1.87939826197393,2973190.0,65,0.6105006105006106,1.0,925,1
IRI,2000,109591707802.216,1650.01385833785,5.84552747578209,0.3261026706701286,66418659.0,1.08185059405271,1.47619563346635,1628760.0,33,0.30994646379261764,3.0,925,4
IRL,2000,100207610429.909,26334.5672050501,9.40352476399653,0.298179214814685,3805174.0,0.061980019084304706,1.33304266586712,68890.0,64,0.6011082934159857,4.0,925,1
IRQ,2000,48364250943.9051,1980.18916038782,16.7961344439661,0.14391336456067919,24424056.0,0.39782765702596706,3.27752785249419,437370.0,4,0.03756926833849911,0.0,925,0
ISL,2000,9140168922.35677,32503.578963236,4.90518213950493,0.027197618832037068,281205.0,0.004580366434386945,1.36919283329812,100250.0,18,0.16906170752324598,0.0,925,1
ISR,2000,136409902631.643,21690.237340061,8.59152200608253,0.40590327905385104,6289000.0,0.10243745490250704,2.64233191305756,21640.0,39,0.3663003663003663,1.0,925,1
ITA,2000,1149661363439.38,20190.0035636084,3.88209885062652,3.420948979647731,56942108.0,0.9274931817941938,0.045303631138613,295718.0,361,3.390626467549544,35.0,925,34
JAM,2000,9005064474.93003,3453.09252800226,0.87870355044231,0.02679560008437065,2607826.0,0.04247719164709577,0.693820204754118,10830.0,48,0.4508312200619893,6.0,925,9
JOR,2000,8460789844.8519,1570.61002940477,4.24571192079151,0.025176048623718205,5386945.0,0.08774446422321289,2.07260479051429,88240.0,8,0.07513853667699821,0.0,925,0
JPN,2000,5042381838343.44,39752.937397755,2.97832688768516,15.004184321955599,126843000.0,2.066063617776864,0.167275578113187,364500.0,266,2.498356344510191,14.0,925,18
KAZ,2000,18291990662.0356,1180.0444563226,9.80000000214156,0.054429911955822675,15501103.0,0.2524874446655456,0.292205742065896,2699700.0,130,1.221001221001221,11.0,925,7
KEN,2000,12705350097.8044,414.626365130846,0.599695390807426,0.03780622349795351,30642890.0,0.49912222331968265,3.01293994477925,569140.0,56,0.5259697567389875,8.0,925,7
KGZ,2000,1369688498.06778,279.621738464365,5.44333663288322,0.004075664903517715,4898362.0,0.07978625162524315,1.18989565060204,191800.0,48,0.4508312200619893,0.0,925,1
KOR,2000,597487173479.109,12710.2995795579,9.2018583880479,1.777891474365217,47008111.0,0.7656847273993552,0.836180864297766,96460.0,281,2.639241100779562,27.0,925,28
KSA,2000,189514933333.333,11714.5623675159,4.71813422138024,0.5639233764237555,16177722.0,0.2635084540944977,4.45983244526442,2149690.0,18,0.16906170752324598,0.0,925,2
KUW,2000,37718743480.0751,19296.3471698729,4.69458187079211,0.11223643859417323,1954709.0,0.03183899110113288,2.83716577319158,17820.0,29,0.27237719545411854,0.0,925,1
LAO,2000,1731198022.46763,318.749852236965,5.79878232861959,0.005151377872533928,5431212.0,0.08846550076577438,1.67898547843134,230800.0,3,0.02817695125387433,0.0,925,0
LAT,2000,7761252607.18424,3278.17896440803,5.84102642353959,0.023094495502488207,2367550.0,0.038563491231424794,-0.963935407092365,62227.0,45,0.422654268808115,1.0,925,3
LBA,2000,38270954138.1128,7214.10040377084,3.6792704082,0.11387960461439434,5305021.0,0.08641005715445267,1.65322614160708,1759540.0,3,0.02817695125387433,0.0,925,0
LBR,2000,874000000.0,298.485340578945,28.6159342546183,0.002600687039936148,2928117.0,0.04769420466477409,3.70256844774732,96320.0,8,0.07513853667699821,0.0,925,0
LCA,2000,932592592.592592,5879.56191426207,0.0487485535201131,0.002775036005830671,158616.0,0.002583593472223892,1.21402743138722,610.0,5,0.04696158542312388,0.0,925,0
LES,2000,887291687.920796,442.779545779081,3.87554677576694,0.002640237978739912,2003913.0,0.032640443244720554,0.0338894483530851,30360.0,6,0.05635390250774866,0.0,925,0
LIB,2000,17260364842.4544,3986.83513941026,1.34187161970405,0.05136019124752939,4329340.0,0.07051782016339957,1.72552456653499,10230.0,6,0.05635390250774866,0.0,925,0
LIE,2000,2483889858.32312,76087.911114202,3.22019308239609,0.00739109858486244,32645.0,0.0005317332986631169,1.30732907481793,160.0,2,0.018784634169249553,0.0,925,0
LTU,2000,11550695727.2335,3300.63634928559,3.41862206571636,0.03437041725407552,3499536.0,0.057001679309858465,-0.703385440488978,62680.0,61,0.5729313421621114,1.0,925,5
LUX,2000,21230200537.942,48659.6390968187,6.93809504692074,0.06317289175545904,436300.0,0.007106608614082337,1.34408299573143,2574.46,7,0.06574621959237344,0.0,925,0
MAD,2000,4629247203.84524,280.282905559649,4.45685893956946,0.01377485492871964,16516338.0,0.26902395118930883,3.17297260783499,581540.0,11,0.10331548793087256,0.0,925,0
MAR,2000,43017455401.8445,1499.107421875,2.58218091499747,0.1280033624194602,28423435.0,0.46297095579374153,1.40392630100829,446300.0,55,0.5165774396543628,2.0,925,5
MAS,2000,93789736842.1053,4083.52874483605,8.85886816969386,0.27908209735044065,22967816.0,0.37410790518509773,2.34480241175698,328550.0,40,0.37569268338499107,2.0,925,0
MAW,2000,2537307580.32808,224.22415918428,1.57607762616895,0.007550049130996551,11315942.0,0.18431806301548503,2.39808527580859,94280.0,2,0.018784634169249553,0.0,925,0
MDA,2000,1288429391.79951,440.538683980372,2.10771608200733,0.0038338691317228823,2924668.0,0.047638026133694625,-0.203371722054682,32880.0,34,0.31933878087724243,2.0,925,2
MDV,2000,624337145.284622,2213.81235053178,3.84581040832157,0.001857786638778545,282019.0,0.004593625154102422,1.64706787778788,300.0,4,0.03756926833849911,0.0,925,0
MEX,2000,742061329749.127,7524.0271380091,5.02928399378261,2.2080884246182366,98625552.0,1.6064478510470444,1.54272528221216,1943950.0,78,0.7326007326007326,1.0,925,6
MGL,2000,1136896123.61298,476.02755082717,1.14606213709108,0.003382964547407233,2388299.0,0.038901458277341816,1.32711144076984,1547438.742,20,0.18784634169249553,1.0,925,0
MKD,2000,3772859034.20508,1861.89899780644,4.54913578288874,0.01122657390590751,2026350.0,0.03300590503127606,0.455448702114895,25430.0,10,0.09392317084624777,0.0,925,1
MLI,2000,3521570875.85064,304.652870189314,-0.736019992224286,0.010478837227736097,11559290.0,0.1882818012529815,2.91308874187569,1220190.0,5,0.04696158542312388,0.0,925,0
MLT,2000,4036809766.6603,10348.485765125,19.6812693530689,0.012011989522701496,390087.0,0.006353874935689976,0.645267230900854,320.0,7,0.06574621959237344,0.0,925,0
MON,2000,2654462465.88236,81789.014508777,3.91022992758094,0.007898656902765679,32455.0,0.0005286385115059414,0.138749733197593,2.027,4,0.03756926833849911,0.0,925,0
MOZ,2000,5930685214.61595,327.12623979157,0.766234955773442,0.01764743269518608,18129653.0,0.295302196149722,2.20366517231952,786380.0,4,0.03756926833849911,1.0,925,1
MRI,2000,4726108622.47661,3981.98343249582,8.20279174865273,0.014063077166825403,1186873.0,0.019332206934727817,0.982676166064297,2030.0,20,0.18784634169249553,0.0,925,0
MTN,2000,1779520886.47015,680.911061879778,-3.91802587923293,0.005295168085513277,2613441.0,0.04256865075176704,2.78353822069134,1030700.0,2,0.018784634169249553,0.0,925,0
MYA,2000,8905066163.58643,196.619580625284,13.7459305561226,0.026498043662944098,45290841.0,0.7377132266551307,1.11707426022512,653540.0,7,0.06574621959237344,0.0,925,0
NAM,2000,3922232164.83175,2156.67590512714,3.49218336365178,0.011671050753659764,1818647.0,0.029622765152819162,2.35219877188535,823290.0,11,0.10331548793087256,2.0,925,0
NCA,2000,5109587049.97449,1017.3124434882,4.10159025073438,0.015204161121618114,5022633.0,0.08181042159792393,1.3755333704478,120340.0,6,0.05635390250774866,0.0,925,0
NED,2000,417649282153.726,26225.1697734149,4.21970034558892,1.2427632440913394,15925513.0,0.25940038475700267,0.714770362784392,33760.0,231,2.1696252465483234,19.0,925,25
NEP,2000,5494252207.90502,223.830289183078,6.19999998192236,0.016348776328648913,24546509.0,0.39982221477205965,1.73127486408485,143350.0,5,0.04696158542312388,0.0,925,0
NGR,2000,69171451627.2465,547.318298903379,5.01593475936546,0.20582757183129308,126382494.0,2.058562733278958,2.67439784501828,910770.0,83,0.7795623180238566,6.0,925,3
NIG,2000,2241753192.81158,194.771959898935,-1.20847774100575,0.006670593221144803,11509630.0,0.1874729216202166,3.46716382832898,1266700.0,4,0.03756926833849911,0.0,925,0
NOR,2000,170620327660.251,37991.8907576589,3.443416131481,0.5077003145259427,4490967.0,0.07315045786788796,0.649044821192665,365244.0,93,0.8734854888701041,7.0,925,10
NRU,2000,26930980.3429002,2648.60152860938,-6.85616110197874,8.013621458873652e-05,10168.0,0.00016561997796926247,-0.186686372077639,20.0,2,0.018784634169249553,0.0,925,0
NZL,2000,52623281956.7031,13641.1027183822,2.86879087314065,0.15658659883718934,3857700.0,0.0628355811380826,0.587564086381346,263310.0,147,1.3806706114398422,6.0,925,4
OMA,2000,22259557867.3602,9753.84755185404,6.19241063695442,0.066235862311616,2282131.0,0.037172156367326015,1.2887385532573,309500.0,6,0.05635390250774866,0.0,925,0
PAK,2000,99484802344.5277,642.338346499898,4.2600880111325,0.2960284166224514,154879127.0,2.522725963969178,2.82475983542412,770880.0,27,0.25359256128486896,0.0,925,0
PAN,2000,11966497000.0,3975.09308659503,4.20900547865375,0.035607681534708,3010369.0,0.04903395431346878,1.96400557919623,74340.0,6,0.05635390250774866,0.0,925,0
PAR,2000,8855705139.55857,1736.11729210765,-2.31414056819045,0.026351164285979303,5100868.0,0.08308474093077457,1.93460053752763,397300.0,5,0.04696158542312388,0.0,925,0
PER,2000,51744749133.213,1945.41338451698,2.69437139806912,0.1539724238621216,26598331.0,0.4332430167426387,1.56043059120612,1280000.0,21,0.19723865877712032,0.0,925,0
PHI,2000,83669788376.9213,1050.79273107952,4.38250500083399,0.24896903234102905,79625397.0,1.2969666106347144,2.37926588939747,298170.0,20,0.18784634169249553,1.0,925,0
PLE,2000,4313600000.0,1476.17185000238,-8.5555726838292,0.01283561054401438,2922153.0,0.04759706092474569,2.55523569844846,6020.0,2,0.018784634169249553,0.0,925,0
PLW,2000,149551484.375,7798.07510558974,-2.60392518285772,0.00044500755974516686,19178.0,0.00031237804263321357,1.45489580126701,460.0,5,0.04696158542312388,0.0,925,0
PNG,2000,3521339699.07407,635.957919047725,-2.49484199260023,0.010478149334776417,5537064.0,0.09018965555609719,3.44925161413658,452860.0,5,0.04696158542312388,0.0,925,0
POL,2000,172953527033.013,4520.64100449111,4.65633252988236,0.5146430163226581,38258629.0,0.6231700720017885,-1.04433539837844,306290.0,187,1.7563632948248333,17.0,925,14
POR,2000,118605192877.388,11526.3720667968,3.81617714108242,0.3529233272143594,10289898.0,0.16760549567918548,0.702859953319024,91500.0,61,0.5729313421621114,2.0,925,2
PUR,2000,61701800000.0,16192.1269719638,3.27196451910478,0.1836007684218904,3810605.0,0.06206848113193955,0.276558688867414,8870.0,29,0.27237719545411854,1.0,925,0
QAT,2000,17759890109.8901,27535.182940934,8.02812548837973,0.05284658585753015,644989.0,0.010505808809049628,5.16843199678991,11610.0,17,0.15966939043862122,0.0,925,1
ROU,2000,37253739511.1273,1659.92904910528,2.4612634592269,0.11085276605920591,22442971.0,0.3655590443140044,-0.129440039806255,229710.0,145,1.3618859772705927,19.0,925,26
RSA,2000,151752757215.309,3217.84693448467,4.20000000067826,0.45155769904397125,47159719.0,0.7681541720905397,0.914659168313889,1213090.0,127,1.1928242697473466,5.0,925,5
RUS,2000,259710142196.943,1771.59411621094,10.0000668136515,0.7727972550933224,146596869.0,2.3878216182280543,-0.420614990249978,16381340.0,435,4.085657931811778,63.0,925,89
RWA,2000,2068836754.37431,251.86926386091,8.37089593573039,0.006156060566184018,8213931.0,0.13379141141434323,0.806991709703052,24670.0,5,0.04696158542312388,0.0,925,0
SAM,2000,258856139.798489,1424.75240002471,5.09304469244418,0.0007702560732057552,181685.0,0.0029593494981653666,0.779095553168233,2830.0,5,0.04696158542312388,0.0,925,0
SEN,2000,6013185003.97525,603.233162455158,3.88721095816793,0.01789292026152955,9968260.0,0.16236654224939812,2.41009917724256,192530.0,26,0.2442002442002442,0.0,925,0
SEY,2000,654212394.27164,8063.65500575169,4.25319834931828,0.0019466838617252305,81131.0,0.0013214904044673713,0.892658566766174,460.0,9,0.08453085376162299,0.0,925,0
SGP,2000,96076539925.7409,23852.8389514753,9.03831632555163,0.2858867416782406,4027887.0,0.06560764714817846,1.73204223254257,670.0,14,0.13149243918474687,0.0,925,0
SKN,2000,421695769.843918,9319.65545093525,10.042808415173,0.0012548040313832658,45248.0,0.0007370154173046015,1.44021899747842,260.0,2,0.018784634169249553,0.0,925,0
SLE,2000,635866403.776065,143.743743239644,6.65273028404766,0.0018920932670837736,4423611.0,0.0720533395323158,2.41540405213567,72180.0,3,0.02817695125387433,0.0,925,0
SLO,2000,20159190701.6789,10135.7219109212,3.49791942086068,0.059985979397548767,1988925.0,0.032396313403079795,0.29607496005045,20140.0,74,0.6950314642622335,2.0,925,2
SMR,2000,1007661290.98039,37600.7049136309,2.17937971500419,0.002998411510409643,26799.0,0.0004365115843428663,1.27682083101072,60.0,4,0.03756926833849911,0.0,925,0
SOL,2000,419842674.227652,953.17190137706,-14.2769995149354,0.0012492899332677218,440469.0,0.00717451475965215,2.28927444576947,27990.0,2,0.018784634169249553,0.0,925,0
SOM,2000,3412797450.20112,386.119274401275,7.11031431133236,0.010155169449273667,8838713.0,0.1439680814650505,4.00097862828906,627340.0,2,0.018784634169249553,0.0,925,0
SRI,2000,16595882818.6857,860.199884304769,6.00003315828934,0.04938294892775159,19293054.0,0.3142520828520644,1.82192893868799,62710.0,18,0.16906170752324598,0.0,925,1
STP,2000,76198394.8202671,529.089383412262,0.448368261692949,0.00022673704562128875,144018.0,0.0023458160884320656,1.10033924534294,960.0,2,0.018784634169249553,0.0,925,0
SUI,2000,282327351965.893,39298.0968042444,3.63321673470911,0.8400973515757314,7184250.0,0.11701960333651396,0.561954617400164,39523.581,102,0.9580163426317272,7.0,925,9
SUR,2000,947671969.69697,1988.22172925433,2.09999886750489,0.0028199064184229656,476643.0,0.007763729657671436,2.06184130338408,160507.61,4,0.03756926833849911,0.0,925,0
SVK,2000,20626538612.3376,3827.72506501314,0.78922447792516,0.06137662659936949,5388720.0,0.08777337605060227,-0.135376487794425,48100.0,108,1.0143702451394758,3.0,925,5
SWE,2000,262903560280.282,29632.5890811623,4.63112136551369,0.7822996361258596,8872109.0,0.14451204731716122,0.160575484575313,407339.7,150,1.4088475626937165,8.0,925,12
SWZ,2000,1697161557.89452,1629.67038842815,1.76017328388222,0.005050098476309063,1041414.0,0.016962919328961594,1.02616676195214,17200.0,6,0.05635390250774866,0.0,925,0
SYR,2000,18937031609.7969,1138.18722723683,0.675642589410501,0.056349305128672734,16637888.0,0.27100380055222817,2.49405999884142,183780.0,8,0.07513853667699821,1.0,925,0
TAN,2000,13371767081.7428,401.698150634766,4.52078463603256,0.039789223513196005,34260139.0,0.5580412535802389,2.84152432501121,885800.0,4,0.03756926833849911,0.0,925,0
TGA,2000,204848487.806485,1995.07667546271,3.75409745006452,0.0006095501228705304,102677.0,0.001672439268091066,0.616444657597358,720.0,3,0.02817695125387433,1.0,925,0
THA,2000,126392224253.794,2005.97694514234,4.45524704335014,0.37609453039536084,63007815.0,1.026293561387821,1.13127017975852,510890.0,52,0.4884004884004884,2.0,925,3
TJK,2000,860541842.263697,136.925716400723,8.32432449473859,0.0025606407511418465,6284735.0,0.10236798507500518,1.22252956506886,139960.0,4,0.03756926833849911,0.0,925,0
TKM,2000,2904663310.9825,633.835487638011,5.46906425232281,0.008643158155892689,4582677.0,0.07464426276359616,1.99474439724003,469930.0,8,0.07513853667699821,0.0,925,0
TOG,2000,2106848752.27753,440.420399069497,-0.783479610048047,0.006269169616880797,4783722.0,0.07791895478472424,2.49694541999729,54390.0,3,0.02817695125387433,0.0,925,0
TTO,2000,8154342116.10311,6178.58975559687,6.90135959072803,0.024264178330154304,1319774.0,0.0214969453977582,0.384592207827917,5130.0,19,0.17845402460787077,2.0,925,2
TUN,2000,21473528160.7782,2199.04465936314,4.7099729138049,0.06389694094901575,9764935.0,0.15905471278238392,1.12222559070037,155360.0,47,0.4414389029773645,1.0,925,0
TUR,2000,274748463178.502,4199.3798635759,6.98528697817062,0.8175455004927966,65425961.0,1.0656811781508482,1.28297648712556,769630.0,57,0.5353620738236123,6.0,925,5
UAE,2000,104337463730.167,29865.5285002232,10.852837927302,0.31046806602157123,3493575.0,0.05690458443489045,6.73568170124179,71020.0,4,0.03756926833849911,0.0,925,0
UGA,2000,6193246837.09687,258.050338731086,3.141907338187,0.018428714856250996,24000150.0,0.39092292626465325,3.14418360294887,199810.0,13,0.1221001221001221,1.0,925,0
UKR,2000,32375083934.8241,653.294311523438,5.90000000024899,0.09633576797041422,49556660.0,0.8071963943184726,-0.843515300409476,579350.0,230,2.160232929463699,23.0,925,23
URU,2000,22823270892.1094,6987.70098766257,-1.92993063549235,0.06791325494057306,3266206.0,0.05320111779731244,0.373944815859448,175020.0,15,0.14088475626937164,0.0,925,1
USA,2000,10250952000000.0,36329.9702595751,4.07758575997799,30.50288102220542,282162411.0,4.595961083160304,1.11276899679534,9161920.0,586,5.50389781159012,101.0,925,91
UZB,2000,13760513969.314,555.149231099186,3.83500000014025,0.040945984373976244,24787054.0,0.4037402967548111,1.26281282930164,435965.0,70,0.6574621959237344,2.0,925,4
VAN,2000,272014627.835262,1460.23817692229,5.92480905652918,0.0008094106605082615,186281.0,0.0030342107706620948,2.29858977943606,12190.0,3,0.02817695125387433,0.0,925,0
VEN,2000,117146466002.661,4776.2816763938,3.53535353535352,0.3485827184295664,24526708.0,0.39949968908522154,1.89379499634952,882050.0,50,0.46961585423123886,0.0,925,0
VIE,2000,31172518403.3162,404.029784055118,6.78731640463151,0.09275739658315275,77154011.0,1.25671180193354,1.12950984166849,311060.0,7,0.06574621959237344,0.0,925,1
VIN,2000,427946037.037037,3768.95536604022,1.63903190394467,0.0012734024168355343,113545.0,0.0018494610934815011,0.157771141222912,390.0,4,0.03756926833849911,0.0,925,0
YEM,2000,9679316770.18633,493.235182634814,6.1819155928913,0.02880191496528628,19624141.0,0.3196449449336841,3.07742893586094,527970.0,2,0.018784634169249553,0.0,925,0
ZAM,2000,3600632111.41414,359.429500988221,3.89732294341896,0.010714092983675838,10017631.0,0.16317071454801343,2.8105009556372,743390.0,8,0.07513853667699821,1.0,925,0
ZIM,2000,6693250000.0,562.833757496076,-3.05911780575599,0.019916531498916045,11892055.0,0.19370199519170508,0.917384654947152,386850.0,16,0.15027707335399643,0.0,925,0
AFG,2004,5224896718.67782,221.763653873013,1.41411799339429,0.011904033461878875,23560654.0,0.3641683794227258,3.57583485398158,652230.0,5,0.04736193994506015,0.0,927,0
ALB,2004,7406645793.44038,2446.90949947798,5.26626173860785,0.01687477554345039,3026939.0,0.04678628489011579,-0.417931377925999,27400.0,7,0.06630671592308421,0.0,927,0
ALG,2004,91913680985.1708,2816.99384960555,4.49999999976698,0.20940960041193127,32628286.0,0.5043234383884765,1.39644042529783,2381740.0,61,0.5778156673297339,5.0,927,0
AND,2004,2900245324.32047,39021.1278078772,8.13567633837351,0.006607712888362165,74325.0,0.0011488142392224805,6.73220754538658,470.0,6,0.05683432793407218,0.0,927,0
ANG,2004,26997977896.2907,1451.47117870872,11.4198633904585,0.06151027466851791,18600423.0,0.28749990982793583,3.59445752400652,1246700.0,30,0.2841716396703609,0.0,927,0
ANT,2004,1026329629.62963,13037.8895772257,5.76710338270556,0.002338316508794176,78719.0,0.0012167306841218224,1.06640091579038,440.0,5,0.04736193994506015,0.0,927,0
ARG,2004,164657930452.787,4242.02099089422,9.02957330068152,0.3751449300168578,38815916.0,0.5999633637304232,1.01407652046238,2736690.0,152,1.4398029743298286,4.0,927,6
ARM,2004,3576615240.41616,1130.08791444158,10.4999999988202,0.008148706050012406,3164900.0,0.04891869741964653,-0.554559192905497,28470.0,18,0.17050298380221654,1.0,927,0
ARU,2004,2254830726.25698,23700.6319899197,7.29372807096192,0.00513724612398235,95138.0,0.0014705131394705463,2.13535781849357,180.0,4,0.03788955195604812,0.0,927,0
ASA,2004,509000000.0,8958.42866697173,0.409836065573771,0.0011596694362275622,56818.0,0.0008782149672942201,-0.268918950346124,200.0,3,0.02841716396703609,0.0,927,0
AUS,2004,615643050220.515,30886.0500949401,4.21894147547516,1.4026373850032245,19932722.0,0.3080927663647925,1.06919812205752,7682300.0,470,4.452022354835654,58.0,927,50
AUT,2004,299210411454.823,36614.2506533707,2.56525534067859,0.6816997429572327,8171966.0,0.12631107841563374,0.620413127334181,82520.0,74,0.7009567111868903,3.0,927,7
AZE,2004,8680405740.94125,1045.0136328106,9.25380179728907,0.019776819708887686,8306500.0,0.12839052106426554,0.875427280482454,82672.0,36,0.3410059676044331,3.0,927,5
BAH,2004,9055290000.0,26650.2934234303,0.882373744518318,0.02063092936969957,339782.0,0.005251885635136131,1.23306270632529,10010.0,22,0.20839253575826466,3.0,927,2
BAN,2004,65108544250.0425,455.614016909798,5.23953291029852,0.14833868134389797,142902856.0,2.208796983496262,1.36154790691024,130170.0,4,0.03788955195604812,0.0,927,0
BAR,2004,3444500000.0,12886.3665272467,1.411597864066,0.007847704072860192,267298.0,0.004131527057056046,0.57102921384559,430.0,10,0.0947238798901203,1.0,927,0
BDI,2004,915257323.3961,125.194965184533,4.83365776809453,0.002085257257811204,7310656.0,0.11299812594493458,3.72769286109058,25680.0,7,0.06630671592308421,0.0,927,0
BEL,2004,369214712443.206,35429.4077933344,3.57120671942319,0.8411925686167665,10421137.0,0.16107568885957946,0.432788248129175,30333.0,50,0.47361939945060155,5.0,927,3
BEN,2004,6190270380.49856,758.695803786371,4.42968455385082,0.014103472224457646,8159094.0,0.12611212063713023,3.06173106096489,112760.0,4,0.03788955195604812,0.0,927,0
BER,2004,4484703000.0,71692.1589001679,2.32126722323136,0.010217628683021722,62555.0,0.0009668896701589273,0.270527854058021,54.0,10,0.0947238798901203,0.0,927,0
BHU,2004,735348490.428435,1130.35934606796,5.15725736177561,0.00167536575506077,650544.0,0.010055219783932047,1.99990053168434,38117.0,2,0.01894477597802406,0.0,927,0
BIH,2004,10156541220.9704,2452.6860917386,6.32526794858342,0.023139941909125224,4140987.0,0.0640057158430566,-0.902366959162245,51200.0,9,0.08525149190110827,0.0,927,0
BIZ,2004,1400202000.0,5153.71308265363,4.78066505273344,0.0031901207543117978,271688.0,0.004199381675423846,2.95389266992451,22810.0,2,0.01894477597802406,0.0,927,0
BLR,2004,23141566292.9462,2378.33700470129,11.4497432088167,0.05272410046436871,9730146.0,0.15039529464532342,-0.682169472243919,202815.0,151,1.4303305863408164,17.0,927,13
BOL,2004,8773451751.5121,953.191893246277,4.1732955905708,0.01998880912857712,9204287.0,0.14226728513273285,1.68272509947837,1083300.0,7,0.06630671592308421,0.0,927,0
BOT,2004,8957467706.5354,4956.69287735214,2.70582170611173,0.02040805800641356,1807146.0,0.027932392292686833,1.75338203751141,566730.0,11,0.10419626787913233,0.0,927,0
BRA,2004,669289424806.307,3663.823188064,5.75996463670954,1.5248614733559909,182675143.0,2.8235426226761233,1.12991417032023,8358140.0,243,2.3017902813299234,12.0,927,10
BRN,2004,8619178773.51458,24423.0946995548,0.104538372603315,0.019637324536397292,352911.0,0.005454815768291219,1.79377776163247,5270.0,10,0.0947238798901203,0.0,927,0
BRU,2004,8619178773.51458,24423.0946995548,0.104538372603315,0.019637324536397292,352911.0,0.005454815768291219,1.79377776163247,5270.0,1,0.00947238798901203,0.0,927,0
BUL,2004,26159078743.1056,3389.86047992391,6.5104241389717,0.0595989864405691,7716860.0,0.11927667204959828,-0.754796951273604,108760.0,95,0.8998768589561428,13.0,927,12
BUR,2004,5451688537.60959,403.81283743461,4.47845213670386,0.01242073982887618,13500533.0,0.20867278234097536,3.14512608695879,273600.0,5,0.04736193994506015,0.0,927,0
CAF,2004,1272360517.32373,303.461321152782,5.99488422798696,0.00289885580314935,4192826.0,0.06480697223521341,2.16355960798951,622980.0,4,0.03788955195604812,0.0,927,0
CAM,2004,5883297159.87352,444.199067529081,9.45769481103929,0.013404086248624249,13244731.0,0.2047189447355722,1.47375057040259,176520.0,4,0.03788955195604812,0.0,927,0
CAN,2004,1026691006917.76,32145.5653280273,3.09236381038156,2.339139845132076,31938807.0,0.4936664146031435,0.932186964148048,8965590.0,262,2.481765653121152,14.0,927,12
CGO,2004,4656974940.12721,1306.10136324599,3.47663162118089,0.010610120831715532,3565554.0,0.055111459211795125,3.41769832826944,341500.0,5,0.04736193994506015,0.0,927,0
CHA,2004,4422855660.82592,445.850767157087,33.6293718498522,0.010076720099618618,9920036.0,0.15333035466397066,4.4546309402426,1259200.0,1,0.00947238798901203,0.0,927,0
CHI,2004,99075985773.6682,6120.59152055344,6.67425416822923,0.2257276867698227,16187322.0,0.2502014935550531,1.00938163923532,743532.0,22,0.20839253575826466,1.0,927,3
CHN,2004,1984196551300.44,1530.92726215723,10.1404291872206,4.520652447959242,1296075000.0,20.032955467208563,0.593932815112141,9388212.5,383,3.6279245997916076,58.0,927,63
CIV,2004,23510575681.3686,1199.82524528546,3.18503822575397,0.05356482523732447,19595000.0,0.3028727213934007,2.42497124712807,318000.0,5,0.04736193994506015,0.0,927,0
CMR,2004,18826214135.6419,1133.39326749673,7.04886281858374,0.04289230870919293,16610487.0,0.25674219961008954,2.74741504067453,472710.0,17,0.1610305958132045,1.0,927,1
COD,2004,10297483481.223,180.664764963633,6.73837393320788,0.023461054741124775,56997741.0,0.8809931579457112,2.94457864295254,2267050.0,4,0.03788955195604812,0.0,927,0
COL,2004,117092416666.245,2818.57195413044,5.33302206759905,0.2667750428720376,41543171.0,0.6421175430508499,1.46883725533231,1109500.0,53,0.5020365634176376,1.0,927,2
COM,2004,622679660.37137,1072.28409029621,3.10041210399676,0.001418669097629148,580704.0,0.008975728543201498,1.89592485384757,1861.0,3,0.02841716396703609,0.0,927,0
CPV,2004,924940011.836897,1929.49081468781,10.197072633926,0.0021073176072125915,479370.0,0.0074094461063717535,1.25679558194683,4030.0,3,0.02841716396703609,0.0,927,0
CRC,2004,18610594843.9248,4431.01172024063,4.42459978667458,0.04240105703440834,4200078.0,0.0649190637368998,1.47010716590985,51060.0,20,0.1894477597802406,2.0,927,0
CRO,2004,41836096243.0481,9718.92771524605,4.17049297825163,0.0953163892812134,4304600.0,0.06653462191936885,0.0279042785156658,55964.0,81,0.7672634271099744,2.0,927,5
CUB,2004,38203000000.0,3399.21962893402,5.77053807021559,0.08703900092770443,11238756.0,0.17371332558287372,0.261696675732895,106410.0,151,1.4303305863408164,29.0,927,27
CYP,2004,17320551250.0,23792.619140625,5.02627226665527,0.03946191336589017,1017875.0,0.01573292019843367,1.8127204878139,9240.0,20,0.1894477597802406,0.0,927,0
CZE,2004,120147899983.657,11782.5546676117,4.73633969683438,0.27373643897440675,10197101.0,0.1576128466544204,0.0304348483027166,77260.0,142,1.3450790944397082,8.0,927,9
DEN,2004,251986155630.852,46625.050098011,2.77635180744053,0.5741073537084103,5404523.0,0.08353572793280052,0.258432282052875,40000.0,92,0.8714596949891068,6.0,927,8
DMA,2004,396711111.111111,5778.83306546506,4.09783662273917,0.0009038384097591982,68649.0,0.0010610823909637953,0.172036782480506,750.0,2,0.01894477597802406,0.0,927,0
DOM,2004,22322387382.494,2451.69161616569,2.58556667449577,0.050857741436365546,9104892.0,0.14073097310706828,1.37429292476688,48310.0,33,0.312588803637397,0.0,927,1
ECU,2004,35194947000.0,2586.20914663347,6.83239736646514,0.08018566669066587,13608701.0,0.21034469540694534,1.75235156486952,248360.0,16,0.1515582078241925,0.0,927,0
EGY,2004,78782467532.4675,991.255689145253,4.09207161019908,0.1794923766365281,79477443.0,1.2284536591374782,2.06437734857129,995450.0,97,0.9188216349341669,0.0,927,5
ERI,2004,1109054005.43971,426.840947887032,1.45173556595506,0.0025267898491830804,2598284.0,0.04016072192053742,4.10022739741036,120982.625,4,0.03788955195604812,0.0,927,1
ESA,2004,13724810900.0,2285.68907438892,0.889404485692197,0.03126963402501552,6004671.0,0.0928119952458297,0.101172439142576,20720.0,7,0.06630671592308421,0.0,927,0
ESP,2004,1069829382514.67,24925.0267844576,3.1145314799161,2.4374232551679142,42921895.0,0.6634279737694206,1.7254663034483,499180.0,316,2.9932746045278016,11.0,927,20
EST,2004,12148595031.0559,8916.0728274602,6.80070110758655,0.02767849577725257,1362550.0,0.021060435138279057,-0.597820510395586,42390.0,42,0.3978402955385053,3.0,927,3
ETH,2004,10131187261.4421,133.169812538096,13.5726031401471,0.02308217724910102,76077206.0,1.1758974441044325,2.99474712931538,1128597.3,26,0.2462820877143128,8.0,927,7
FIJ,2004,2708078476.63012,3097.19096651759,5.30000086613597,0.006169893595783195,874366.0,0.013514754269653595,0.928394421815226,18270.0,8,0.07577910391209625,0.0,927,0
FIN,2004,197458297639.769,37768.1334202029,4.00537952277651,0.4498749561932517,5228172.0,0.08080993526679146,0.290350361518584,304590.0,53,0.5020365634176376,4.0,927,2
FRA,2004,2109792297237.03,33644.9282220364,2.86825052501032,4.806800872090609,62707588.0,0.9692481668576758,0.732625502527391,538950.0,308,2.9174955006157055,38.0,927,33
FSM,2004,235538100.0,2104.42796515524,-3.19037831026102,0.0005366332723715346,111925.0,0.0017299836357211726,-0.321127790347554,700.0,5,0.04736193994506015,0.0,927,0
GAB,2004,7770219008.21293,5465.79193590708,0.689543058464849,0.017703114924595236,1421609.0,0.021973288419869914,2.80043793009716,257670.0,5,0.04736193994506015,0.0,927,0
GAM,2004,961900651.423441,593.285346326581,7.05000000064635,0.0021915261024423316,1621312.0,0.02506002437702359,2.73240205558954,10120.0,2,0.01894477597802406,0.0,927,0
GBR,2004,2429774807762.72,40504.4118103928,2.32601853325993,5.535826289740918,59987905.0,0.927211025161459,0.568943113421317,241930.0,264,2.500710429099176,28.0,927,30
GBS,2004,582169841.298304,431.376557669634,1.17189152277038,0.0013263744040217947,1349563.0,0.020859699846993724,2.30540545476551,28120.0,3,0.02841716396703609,0.0,927,0
GEO,2004,5125365191.98664,1305.04748557208,5.79268292682926,0.011677267903048167,3927340.0,0.06070345259694607,-0.619262410024726,69490.0,32,0.303116415648385,6.0,927,4
GEQ,2004,4410764338.66733,4901.30127408119,37.9987268556423,0.010049172090284829,899917.0,0.01390968669651365,5.95846501494265,28050.0,2,0.01894477597802406,0.0,927,0
GER,2004,2852317768061.78,34566.7359143735,1.16208684507278,6.4985181493714395,82516260.0,1.2754235379130092,-0.021709727650009,348770.0,441,4.177323103154305,56.0,927,49
GHA,2004,8881417906.71432,406.132105329565,5.59999999077445,0.020234791545738248,21868298.0,0.3380102540189774,2.64856422445373,227540.0,26,0.2462820877143128,0.0,927,0
GRE,2004,234979615898.225,21449.2552764245,5.37786634595851,0.5353608618736025,10955141.0,0.16932959264702327,0.247413542822812,128900.0,426,4.035237283319125,13.0,927,16
GRN,2004,599118592.592593,5480.26117644588,-0.647450316084857,0.0013649892347844847,109323.0,0.001689765476952832,0.402370769308206,340.0,5,0.04736193994506015,0.0,927,0
GUA,2004,23577298094.6571,1840.91184884,3.13791683609193,0.05371684084322235,12807402.0,0.19795931093234415,2.22294147751077,107160.0,18,0.17050298380221654,0.0,927,0
GUI,2004,5300767960.51572,584.897740538081,2.34011731288737,0.01207689310873161,9062726.0,0.14007922872481393,2.14071157501219,245720.0,3,0.02841716396703609,0.0,927,0
GUM,2004,3869000000.0,23618.8266894573,6.49378949662236,0.00881485471270027,163810.0,0.00253195103299071,0.411688102683209,540.0,4,0.03788955195604812,0.0,927,0
GUY,2004,787814379.183843,1033.31030902188,1.56335211034042,0.0017949003083695364,762418.0,0.011784415131376055,-0.0895433023955464,196850.0,4,0.03788955195604812,0.0,927,0
HAI,2004,6087360684.2969,683.185298155273,-1.3178567596495,0.013869010084228708,8910263.0,0.13772266410517614,1.70178992075307,27560.0,8,0.07577910391209625,0.0,927,0
HKG,2004,169099768875.193,24928.1003722551,8.70006555836002,0.38526489909176054,6783500.0,0.10485006917949138,0.77991856230718,1050.0,32,0.303116415648385,0.0,927,1
HON,2004,8869299234.3377,1215.13995412761,6.23230296069102,0.020207181223610902,7298994.0,0.11281787069222268,2.49393448320234,111890.0,5,0.04736193994506015,0.0,927,0
HUN,2004,104015363080.271,10291.2694721409,4.96312536156307,0.236981213089004,10107146.0,0.15622244524319595,-0.221439378654807,89620.0,209,1.9797290897035142,17.0,927,17
INA,2004,256836875295.452,1126.84004447173,5.03087394501685,0.5851588887550598,227926649.0,3.5229785384388075,1.27101139474106,1877519.0,38,0.35995074358245716,6.0,927,4
IND,2004,709152728830.775,624.258826510066,7.92293661307978,1.6156831930106523,1135991513.0,17.558603777602283,1.7035704679088,2973190.0,73,0.6914843231978782,1.0,927,1
IRI,2004,187754571247.666,2672.4226651404,4.33666597851041,0.42776667541832697,70256316.0,1.0859260843069518,2.13922055681238,1628760.0,37,0.35047835559344515,4.0,927,6
IRL,2004,194372115041.065,47754.2023194244,6.78813990621356,0.44284361702952985,4070262.0,0.0629125454822223,1.82831381790901,68890.0,46,0.4357298474945534,1.0,927,0
IRQ,2004,36633669269.3981,1328.37157628292,53.3855472887501,0.08346354928996044,27577878.0,0.42626113600996146,2.85128305805808,437370.0,24,0.2273373117362887,0.0,927,0
ISL,2004,13963943244.0018,47809.6073050042,7.62260520494142,0.0318144561675545,292074.0,0.004514480593429758,0.8779361576874,100250.0,26,0.2462820877143128,1.0,927,0
ISR,2004,139925423025.435,20550.0694706176,4.64944459908543,0.3187961423061087,6809000.0,0.10524421331807426,1.76762364154994,21640.0,36,0.3410059676044331,1.0,927,2
ISV,2004,3797000000.0,35006.3614404514,3.28589367936377,0.008650815028204428,108466.0,0.00167651914256987,-0.0359495051596945,350.0,6,0.05683432793407218,0.0,927,0
ITA,2004,1812808753294.75,31348.1901841445,1.4740217064723,4.1301746658579805,57828179.0,0.8938289332459661,0.744609563112575,295718.0,364,3.447949228000379,34.0,927,32
JAM,2004,10174664853.9476,3807.56293124552,1.32372510450574,0.02318123350684048,2672225.0,0.04130360081273183,0.585569135450925,10830.0,47,0.4452022354835654,9.0,927,5
JOR,2004,11411706629.055,1940.08641342805,8.56721424236906,0.025999621597073762,5882061.0,0.09091685748772585,2.41295841696554,88240.0,8,0.07577910391209625,0.0,927,0
JPN,2004,4941485123806.53,38677.5708064787,2.11294823723127,11.258328620140675,127761000.0,1.9747548740975895,0.0336622582725446,364500.0,306,2.898550724637681,18.0,927,37
KAZ,2004,43151647002.6096,2722.47407755402,9.60000000136854,0.09831364666366806,15850159.0,0.24499008884144435,0.650552959098631,2699700.0,114,1.0798522307473715,7.0,927,8
KEN,2004,16095337093.8366,463.662781300121,5.10429977629738,0.03667047248232231,34713455.0,0.5365531301259174,3.10482476419105,569140.0,46,0.4357298474945534,7.0,927,7
KGZ,2004,2211534585.0034,433.233873286,7.02681242497607,0.005038603271883395,5104713.0,0.07890167482736773,1.2102014656817,191800.0,29,0.2746992516813489,1.0,927,0
KIR,2004,104085892.133271,1083.2688987175,-0.608967597152244,0.0002371419014723639,96085.0,0.0014851505708132129,2.00784628062857,810.0,3,0.02841716396703609,0.0,927,0
KOR,2004,823251107638.814,17121.6301633201,5.1836368597334,1.8756368327489576,48082519.0,0.7431938443980555,0.396331436697806,96820.0,264,2.500710429099176,28.0,927,30
KSA,2004,258742133333.333,13154.4978989446,8.63100545880309,0.5894996933025206,19669480.0,0.3040239314107204,4.59154568390222,2149690.0,16,0.1515582078241925,2.0,927,0
KUW,2004,59439090600.6108,27552.2827399787,10.2402980586354,0.1354218009561676,2157320.0,0.033344903256770156,2.22351628059893,17820.0,11,0.10419626787913233,1.0,927,0
LAO,2004,2366398119.86321,409.296298284117,6.35769548008234,0.005391433346859984,5781626.0,0.08936447056386025,1.45793744820894,230800.0,5,0.04736193994506015,0.0,927,0
LAT,2004,13827070378.5612,6109.73265186817,8.72514341727928,0.03150261475556953,2263122.0,0.03498024592933278,-1.09131295557421,62227.0,32,0.303116415648385,3.0,927,4
LBA,2004,33122307692.3077,5773.76333234281,4.46163899648637,0.07546351255028352,5736693.0,0.08866995767841143,2.06583711688529,1759540.0,8,0.07577910391209625,0.0,927,0
LBR,2004,897000000.0,284.140223992458,2.61984689477413,0.0020436610693440535,3156892.0,0.04879492070349862,1.19050087276777,96320.0,2,0.01894477597802406,0.0,927,0
LCA,2004,1066666666.66667,6494.60034867886,7.2674088699471,0.0024302175480865815,164239.0,0.002538581928498634,0.771973333919315,610.0,2,0.01894477597802406,0.0,927,0
LES,2004,1511236655.52047,766.685820928242,1.69237417358596,0.0034430942245851663,1971129.0,0.030467017323166756,-0.704216157980622,30360.0,3,0.02841716396703609,0.0,927,0
LIB,2004,21159827992.0398,4600.68371412993,6.67944461641103,0.04820904871945183,4599279.0,0.07108936704146561,1.6169716035759,10230.0,5,0.04736193994506015,0.0,927,0
LIE,2004,3454373797.74442,100280.831356705,3.03917210306501,0.007870199832120893,34447.0,0.0005324346330103839,1.07405521315503,160.0,1,0.00947238798901203,0.0,927,0
LTU,2004,22743164431.1972,6734.57487061946,6.50203536075556,0.051816409968481726,3377075.0,0.05219820850214946,-1.12299127483243,62680.0,59,0.5588708913517098,5.0,927,3
LUX,2004,35064843792.8993,76544.9170868473,4.23067892192488,0.0798892487872673,458095.0,0.007080606241730539,1.42133256471314,2574.46,10,0.0947238798901203,0.0,927,0
MAD,2004,5064732626.29389,272.20074858856,5.25700362208742,0.011539126973236887,18606608.0,0.2875955091023333,2.91610861061954,581540.0,8,0.07577910391209625,0.0,927,0
MAR,2004,66114145451.0067,2183.55541992188,4.57138016516208,0.15062977167354807,29953018.0,0.46297280304187377,1.28219021585352,446300.0,55,0.5209813393956616,5.0,927,3
MAS,2004,124749473684.211,4939.24851854427,6.78343772370305,0.284220337558063,25256772.0,0.3903846526793898,2.31172452935085,328550.0,26,0.2462820877143128,0.0,927,0
MAW,2004,5058726350.48896,404.674248445428,5.42049754993828,0.011525442701180834,12500737.0,0.19321930260848053,2.58631203946607,94280.0,4,0.03788955195604812,0.0,927,0
MDA,2004,2598249555.89984,897.178494749468,7.39999973358189,0.005919667185989943,2896023.0,0.04476276433926412,-0.247447154059097,32880.0,33,0.312588803637397,2.0,927,0
MDV,2004,1226829562.5,4070.2609459446,5.92489251113133,0.002795121310592695,301413.0,0.00465883008794841,1.64645534671167,300.0,4,0.03788955195604812,0.0,927,0
MEX,2004,819459227375.022,7849.66759649565,3.56544102622887,1.8669976821639793,104394131.0,1.6135817582786003,1.3653083154997,1943950.0,109,1.0324902908023113,6.0,927,4
MGL,2004,1992066808.09598,794.154552001815,10.6254059599309,0.004538583481870932,2508412.0,0.03877160340984246,1.12405283429406,1554444.019,20,0.1894477597802406,0.0,927,1
MKD,2004,5682784471.69722,2818.5814561242,4.67408957960916,0.012947252386042945,2016186.0,0.03116344683109339,-0.323800435972555,25430.0,10,0.0947238798901203,1.0,927,0
MLI,2004,6485774930.41503,495.006294675661,1.47732490290102,0.014776728795782424,13102409.0,0.20251912583002735,3.23794608826987,1220190.0,21,0.19892014776925265,0.0,927,0
MLT,2004,6104141501.07928,15212.1312964883,0.407354423655889,0.01390724230493099,401268.0,0.006202252164740348,0.67162845452858,320.0,7,0.06630671592308421,0.0,927,0
MON,2004,4043553260.57916,125160.282928751,2.47048260499609,0.009212544459827025,32307.0,0.0004993574386351925,-0.207170649691514,2.027,3,0.02841716396703609,0.0,927,0
MOZ,2004,7937255565.35765,400.056973161545,8.20470494788577,0.018083679148668732,19840313.0,0.3066644343764668,2.28307737180822,786380.0,4,0.03788955195604812,1.0,927,0
MRI,2004,6667418752.07307,5460.60800184198,4.33001985464323,0.015190573173496369,1221003.0,0.018872595123220537,0.627103982385528,2030.0,9,0.08525149190110827,0.0,927,0
MTN,2004,2362501023.24249,823.554457141893,4.7327579245203,0.005382554478802862,2868664.0,0.0443398863201469,2.34965515386841,1030700.0,2,0.01894477597802406,0.0,927,0
MYA,2004,10567354056.4049,224.508811413327,13.5646616163416,0.024075908685674087,47068772.0,0.7275247291801735,0.856837524813252,653420.0,2,0.01894477597802406,0.0,927,0
NAM,2004,6609205994.77406,3403.15496192955,12.2695481036769,0.015057945363205223,1942082.0,0.030018048507738627,1.27571138513782,823290.0,8,0.07577910391209625,0.0,927,0
NCA,2004,5792932838.40051,1098.62118662335,5.31217056950739,0.01319820659884489,5272912.0,0.08150146502209336,1.18180960798577,120340.0,5,0.04736193994506015,0.0,927,0
NED,2004,661224886143.245,40611.3414353091,2.01628331561487,1.5064878014408072,16281779.0,0.2516614807275286,0.347475412048658,33760.0,210,1.9892014776925264,25.0,927,22
NEP,2004,7273938314.71988,279.587750044428,4.68260325152944,0.016572424252623313,26016656.0,0.4021299007030338,1.26834840063401,143350.0,6,0.05683432793407218,0.0,927,0
NGR,2004,135764731645.611,962.48104194733,9.25055822923169,0.30931671867790167,141057045.0,2.1802669604930536,2.77053967849452,910770.0,70,0.6630671592308421,3.0,927,2
NIG,2004,3760443737.53797,283.468281798296,0.363801578722132,0.008567527837084723,13265836.0,0.20504515697262288,3.59824904350361,1266700.0,4,0.03788955195604812,0.0,927,0
NOR,2004,265662977688.108,57854.5698169407,4.33015597691212,0.6052676533636613,4591910.0,0.0709754671137316,0.590930939690253,365244.0,52,0.4925641754286256,10.0,927,6
NRU,2004,30587565.7988334,3040.51349889,-4.31476539773472,6.968853671022906e-05,10060.0,0.00015549372682917127,0.0099408519391914,20.0,3,0.02841716396703609,0.0,927,0
NZL,2004,103905210084.034,25420.234882944,4.09053577279863,0.2367302483286014,4087500.0,0.06317898691990434,1.48621908244575,263310.0,148,1.4019134223737806,4.0,927,5
OMA,2004,28378933680.104,11800.8507411171,1.99251510973346,0.06465654621128797,2404821.0,0.03717043535258991,1.72066711093441,309500.0,2,0.01894477597802406,0.0,927,0
PAK,2004,132216048339.413,771.902247348954,7.83125556961251,0.3012316507622852,171286000.0,2.647504820443482,2.4680911760913,770880.0,26,0.2462820877143128,0.0,927,0
PAN,2004,15100203400.0,4644.56582353041,8.17565333965649,0.034403230577209266,3251155.0,0.05025190928919427,1.90499044238143,74340.0,4,0.03788955195604812,0.0,927,0
PAR,2004,9624440836.29309,1786.21533938543,4.05741836363771,0.02192764219770046,5388175.0,0.08328304289838667,1.15243910027232,397300.0,22,0.20839253575826466,0.0,927,1
PER,2004,66768703497.5687,2397.25147277714,4.95820320611745,0.15212107022135707,27852190.0,0.4305010758900771,0.980296012446146,1280000.0,12,0.11366865586814436,0.0,927,0
PHI,2004,95001999685.3314,1099.63013023758,6.56922851180626,0.2164458063174446,86394504.0,1.3353681316618036,1.94326756715565,298170.0,16,0.1515582078241925,0.0,927,0
PLE,2004,4603100000.0,1422.19088643544,21.9244861205987,0.010487375995872477,3236626.0,0.050027339869999334,2.55527589181892,6020.0,3,0.02841716396703609,0.0,927,0
PLW,2004,166363734.375,8393.73029137235,3.47251267849076,0.00037903131247812996,19820.0,0.0003063504637926615,0.815628017637243,460.0,4,0.03788955195604812,0.0,927,0
PNG,2004,3927157866.96465,620.596147680561,2.72117574098235,0.008947357464753499,6328041.0,0.09781020662204729,3.27757216652727,452860.0,4,0.03788955195604812,0.0,927,0
POL,2004,256268656145.134,6711.72715262967,5.09079546409544,0.5838642986141896,38182222.0,0.5901685882106137,-0.0585127351273288,306330.0,194,1.8376432698683338,14.0,927,10
POR,2004,189382122532.169,18064.1580932987,1.78873552917291,0.43147477262958644,10483861.0,0.16204519070069606,0.239128989611917,91500.0,81,0.7672634271099744,2.0,927,3
PUR,2004,80322313000.0,20988.9923326534,8.7486769008168,0.18300065114578346,3826878.0,0.05915064834399258,0.0204626359646878,8870.0,43,0.40731268352751726,0.0,927,0
QAT,2004,31734065934.0659,41035.5008380177,19.2185032411244,0.07230064116103435,773332.0,0.01195310882268953,3.77511702353838,11610.0,15,0.14208581983518045,1.0,927,0
ROU,2004,74973656851.8076,3494.99056448955,10.4281130180976,0.17081465299264129,21451748.0,0.3315717935904793,-0.569786272532879,230000.0,108,1.0230179028132993,26.0,927,19
RSA,2004,255806908594.573,5221.46333731721,4.55455990721774,0.5828122858015402,48991421.0,0.7572424089410462,1.00742279739678,1213090.0,106,1.0040731268352752,5.0,927,6
RUS,2004,591016690732.385,4102.36474609375,7.19994786954857,1.3465304372155291,144067316.0,2.226795614226232,-0.402681471328549,16381230.0,446,4.224685043099365,89.0,927,90
RWA,2004,2376496067.01198,269.540446333402,7.44766737037035,0.005414439792198038,8816844.0,0.13627872091763596,2.6429108159401,24670.0,5,0.04736193994506015,0.0,927,0
SAM,2004,407747565.096959,2189.26042607992,3.0872602379675,0.0009289830823951898,186249.0,0.0028787824183107674,0.440703577844664,2830.0,3,0.02841716396703609,0.0,927,0
SEN,2004,10076816666.6196,918.102079522155,4.64329393683312,0.02295830314881582,10975704.0,0.16964742738904995,2.34632515714346,192530.0,15,0.14208581983518045,0.0,927,0
SEY,2004,893012218.181818,10827.671636033,-2.8504539768538,0.0020345755905760974,82475.0,0.0012747857972401492,-0.370334934558794,460.0,9,0.08525149190110827,0.0,927,0
SGP,2004,115033593101.049,27608.080013423,9.93998268434957,0.2620843655377687,4166664.0,0.06440259580566025,1.2519166730553,689.0,16,0.1515582078241925,0.0,927,0
SKN,2004,506900000.0,10944.6183741768,3.99634666125431,0.0011548849454297667,46315.0,0.0007158739520967264,0.30057001145304,260.0,2,0.01894477597802406,0.0,927,0
SLE,2004,2237350687.46606,417.749983329227,6.47884588417347,0.005097420845534606,5355717.0,0.08278135150818575,3.38061570413438,72180.0,2,0.01894477597802406,0.0,927,0
SLO,2004,34156553313.4031,17103.8297783905,4.54602214352336,0.07781986429161265,1997012.0,0.030867081352144828,0.0640662022616923,20140.0,79,0.7483186511319504,2.0,927,4
SMR,2004,1715341294.5946,58232.0431338765,4.5488441461596,0.003908111732888755,29457.0,0.0004553060349112225,5.63499845738975,60.0,5,0.04736193994506015,0.0,927,0
SOL,2004,468000121.313434,986.070953503889,7.68364102152745,0.0010662582256148931,474611.0,0.007335887990469165,1.79794695108568,27990.0,2,0.01894477597802406,0.0,927,0
SOM,2004,3859592813.10255,375.410326225387,7.11031431125608,0.008793422046441228,10280998.0,0.15890961178362387,3.68380578936556,627340.0,2,0.01894477597802406,0.0,927,0
SRI,2004,20662525941.2985,1028.62068132555,5.44506127885352,0.04707603105969157,20087605.0,0.3104867360360134,0.679757715006083,62710.0,7,0.06630671592308421,1.0,927,0
STP,2004,114582283.916382,726.560882130444,3.5379059435684,0.0002610561347563402,157705.0,0.002437588289224101,2.49821189998236,960.0,2,0.01894477597802406,0.0,927,0
SUI,2004,409012909529.554,55349.6164595028,2.58692895529093,0.9318659532493768,7389625.0,0.11421872078727781,0.687425960233006,39518.694,98,0.928294022923179,9.0,927,5
SUR,2004,1484092538.40527,2887.7721728844,8.50000018479413,0.003381250996703283,513923.0,0.007943519142468011,1.47189322083765,160507.61,4,0.03788955195604812,0.0,927,0
SVK,2004,42960730480.0495,7996.74076556872,5.38949856996771,0.09787867602303192,5372280.0,0.08303735971867,-0.0203617202597358,48100.0,64,0.60623283129677,5.0,927,6
SWE,2004,384545442175.019,42758.0048564929,4.17958419343711,0.8761210140097895,8993531.0,0.1390097070122946,0.393298991357658,407339.7,115,1.0893246187363834,12.0,927,7
SWZ,2004,2710331785.24986,2525.5640452625,3.61711931922247,0.006175027374047832,1073159.0,0.016587424690881373,0.603686468671865,17200.0,3,0.02841716396703609,0.0,927,0
SYR,2004,25086910447.9968,1368.11263904001,6.9025333036284,0.05715623437312335,18336875.0,0.2834263451442008,2.47115145720736,183570.0,6,0.05683432793407218,0.0,927,1
TAN,2004,16673062473.3981,450.385284423828,7.50381465859829,0.037986720940496065,38109668.0,0.5890471476682315,2.71326096371365,885800.0,8,0.07577910391209625,0.0,927,0
TGA,2004,230678011.42199,2195.44890047673,-1.96794740326561,0.0005255603918582206,105071.0,0.0016240438739232458,0.579379767566292,720.0,5,0.04736193994506015,0.0,927,0
THA,2004,172895685154.658,2641.56268717857,6.28934214285795,0.3939132450480949,65452047.0,1.0116682620902662,0.896077275303913,510890.0,42,0.3978402955385053,3.0,927,8
TJK,2004,2076176869.41089,305.745158587502,10.2999989410117,0.004730213869662931,6790547.0,0.10495899207143622,1.96260002776105,139960.0,9,0.08525149190110827,0.0,927,0
TKM,2004,6838351088.46688,1379.23009682692,5.00040735874585,0.015580013264221065,4958093.0,0.07663542331368055,1.91878016561315,469930.0,9,0.08525149190110827,0.0,927,0
TLS,2004,440772000.0,474.420767344689,0.400003981151968,0.0010042236085361395,929074.0,0.01436035574155919,1.3213970309566,14870.0,2,0.01894477597802406,0.0,927,0
TOG,2004,3191561508.69088,604.311329116751,-0.978665332738743,0.007271426985204598,5281320.0,0.08163142439139551,2.43812237847062,54390.0,3,0.02841716396703609,0.0,927,0
TTO,2004,13280291989.5755,9871.03419820086,7.95005151069972,0.030256873721981197,1345380.0,0.020795044751633247,0.497078430407533,5130.0,19,0.17997537179122858,2.0,927,1
TUN,2004,31183885241.4396,3067.41936376975,6.23579072222647,0.07104714856056044,10166163.0,0.15713464934620558,0.934209359397325,155360.0,54,0.5115089514066496,0.0,927,0
TUR,2004,410156784495.948,5979.6054216148,9.92540551918624,0.9344720767020152,68592617.0,1.0602108996318063,1.11548254617054,769630.0,64,0.60623283129677,5.0,927,11
UAE,2004,147824249957.985,33376.6880534412,9.56652626277928,0.3367922683880917,4428967.0,0.0684569169814527,5.48794157690806,71020.0,4,0.03788955195604812,0.0,927,1
UGA,2004,7939487547.77384,292.38185796262,6.80723334361883,0.0180887643388264,27154515.0,0.4197173695416137,2.99944519470383,199810.0,11,0.10419626787913233,0.0,927,0
UKR,2004,67220154164.3166,1401.01806640625,11.7953525281136,0.15314962334550655,47979507.0,0.7416016257312437,-0.697090406399135,579340.0,239,2.263900729373875,23.0,927,22
URU,2004,13686329890.1191,4168.66065438387,5.00416035564457,0.031181961626127408,3283148.0,0.050746413345103374,0.0597775816533495,175020.0,15,0.14208581983518045,1.0,927,0
USA,2004,12217196000000.0,41724.6411982614,3.84777169267127,27.834791350887283,292805298.0,4.525783998145735,0.925483968943482,9161920.0,533,5.048782798143412,91.0,927,101
UZB,2004,12030023547.8807,462.171492867885,7.4490006055965,0.027408350934332235,26029350.0,0.4023261072008837,1.22957581560979,435853.0,69,0.6535947712418301,4.0,927,5
VAN,2004,364996869.129618,1774.31867585894,3.98739280216959,0.0008315829340832404,205711.0,0.0031795994075303827,2.44318438167928,12190.0,2,0.01894477597802406,0.0,927,0
VEN,2004,112451400424.964,4269.08970872392,18.2072829131653,0.256201281205929,26340838.0,0.40714066286515443,1.71593189812023,882050.0,48,0.4546746234725774,0.0,927,2
VIE,2004,45427854693.2554,565.452284586212,7.53641060890386,0.10349959654450903,80338971.0,1.2417699811541463,0.969589431962946,310070.0,11,0.10419626787913233,1.0,927,0
VIN,2004,549900185.185185,4873.48947742443,4.11469880444737,0.0012528535122497749,112835.0,0.0017440491716470715,-0.270825385911129,390.0,3,0.02841716396703609,0.0,927,0
YEM,2004,13867634371.4773,627.632023395762,3.972696401183,0.03159503287501187,22095167.0,0.34151688486510134,2.93369063852526,527970.0,3,0.02841716396703609,0.0,927,0
ZAM,2004,6221110219.45542,548.685974566277,7.03239511515218,0.014173735522407449,11338198.0,0.1752503640702839,3.17745831747123,743390.0,6,0.05683432793407218,0.0,927,0
ZIM,2004,5808500000.0,469.719298949304,-5.80753964196205,0.013233673713807062,12365896.0,0.19113511477355286,1.08604865181957,386850.0,12,0.11366865586814436,0.0,927,3
AFG,2008,10109297047.5432,381.73323802844,3.92498381999467,0.015811354147918108,26482622.0,0.3890448812645891,2.18654618162979,652230.0,4,0.036700614735296816,0.0,957,1
ALB,2008,13258506375.4518,4498.50486763601,6.90706230713707,0.02073684636911968,2947314.0,0.04329773030704668,-0.767342959142321,27400.0,11,0.10092669052206625,0.0,957,0
ALG,2008,180383848331.135,5180.91881514686,2.49999999929371,0.28212771818996596,34816961.0,0.5114810934596593,1.81885306168943,2381740.0,56,0.5138086062941554,0.0,957,2
AND,2008,4102319398.76562,49132.5157047203,-5.55918636850581,0.0064161953632098515,83495.0,0.0012265893596633622,1.95686286864098,470.0,5,0.04587576841912102,0.0,957,0
ANG,2008,98790432989.3077,4578.15526451058,10.7866360496581,0.15451227865539097,21578655.0,0.3170027979980431,3.77828976645524,1246700.0,32,0.2936049178823745,0.0,957,0
ANT,2008,1557640740.74074,18786.6743142216,-0.0140065981851762,0.0024362138407103815,82912.0,0.001218024755834585,1.46768441039016,440.0,5,0.04587576841912102,0.0,957,0
ARG,2008,361558037110.419,8944.1102657357,4.05723310346406,0.5654915611732126,40424148.0,0.5938538811935683,1.01288878477428,2736690.0,132,1.211120286264795,6.0,957,6
ARM,2008,11662040713.8753,3777.66859313767,6.90000000042959,0.018239908763916863,3087100.0,0.04535126668922409,-0.655422477046795,28470.0,25,0.2293788420956051,0.0,957,6
ARU,2008,2843024581.00559,28171.9094008501,1.83575517191368,0.00444660675120238,100917.0,0.0014825285155895267,0.762933470313563,180.0,2,0.018350307367648408,0.0,957,0
ASA,2008,560000000.0,10030.8089130902,-2.65734265734265,0.000875862909279727,55828.0,0.0008201452873978824,-0.509197909248079,200.0,4,0.036700614735296816,0.0,957,0
AUS,2008,1058448244063.77,49811.2067218988,3.62398503565633,1.6554563542280571,21249199.0,0.3121629007098552,2.00391140524272,7682300.0,432,3.963666391412056,50.0,957,46
AUT,2008,429234399096.173,51581.3982361071,1.45330562142114,0.6713401599201955,8321496.0,0.12224754117110281,0.313041437661508,82520.0,70,0.6422607578676942,7.0,957,3
AZE,2008,48851293785.4483,5574.46810432575,10.591437462476,0.07640542195893106,8763400.0,0.12873936396758978,2.09985403259251,82627.0,44,0.403706762088265,5.0,957,7
BAH,2008,10526000000.0,29392.3824416397,-2.32364807041851,0.01646309461264001,358120.0,0.0052609878613407175,1.34543405372794,10010.0,25,0.2293788420956051,2.0,957,2
BAN,2008,91636997370.9772,613.06204104124,6.01378975738535,0.14332401270536213,149474264.0,2.1958625278868475,0.9984405660693,130170.0,5,0.04587576841912102,0.0,957,0
BAR,2008,4790410400.0,17565.6929970592,0.633460425791839,0.007492397838549751,272714.0,0.004006324817428997,0.524263979237198,430.0,8,0.07340122947059363,0.0,957,0
BDI,2008,1611835857.04588,189.502074570768,4.90874190813545,0.002520977219702833,8505637.0,0.12495267790117973,4.12553206908571,25680.0,3,0.027525461051472612,0.0,957,0
BEL,2008,517328087920.078,48303.397956286,0.446905130727231,0.8091222931032106,10709973.0,0.15733563595522962,0.789976845480149,30333.0,94,0.8624644462794752,3.0,957,2
BEN,2008,9787734526.23965,1060.60254502099,4.89657708429647,0.01530841720966052,9228466.0,0.1355714498067562,3.01959398464251,112760.0,5,0.04587576841912102,0.0,957,0
BER,2008,6980000000.0,110268.562401264,-1.86595582635186,0.010917005547808025,63300.0,0.0009299132459032376,0.459188519616631,54.0,6,0.055050922102945224,0.0,957,0
BHU,2008,1317517834.59916,1919.59774896395,4.52944877696235,0.00206065179221419,686351.0,0.010082889198087409,1.12968896454968,38117.0,2,0.018350307367648408,0.0,957,0
BIH,2008,19112796623.1175,4841.69311934649,5.44184730165964,0.029893195812134708,3947544.0,0.0579916817438523,-1.65511289388464,51200.0,5,0.04587576841912102,0.0,957,0
BIZ,2008,1738453600.0,5711.81458859709,-1.62747776449082,0.0027190125495425263,304361.0,0.004471237368662801,2.75172617782414,22810.0,4,0.036700614735296816,0.0,957,0
BLR,2008,60752106347.126,6376.17569162063,10.1999994860937,0.09501877966083061,9527985.0,0.13997155542286507,-0.345415054298517,202902.0,177,1.6240022020368843,13.0,957,18
BOL,2008,16674276285.8956,1692.67248455876,6.14849787777658,0.026079250246247288,9850858.0,0.14471474467159362,1.68811436886035,1083300.0,7,0.06422607578676942,0.0,957,0
BOT,2008,10730829116.4105,5503.07395314313,3.25207295796832,0.01678345573014804,1949970.0,0.028646175862779406,2.0082147581123,566730.0,11,0.10092669052206625,0.0,957,0
BRA,2008,1695855083497.52,8908.33176538648,5.09419544658736,2.6523867270517005,190367302.0,2.7966046716692246,0.957984635895359,8358140.0,268,2.458941187264887,10.0,957,16
BRN,2008,15926456515.0049,42156.5685838672,-3.90071101715114,0.024909629531695093,377793.0,0.005549995496200977,1.84867406299599,5270.0,14,0.12845215157353884,0.0,957,0
BUL,2008,54483464293.1671,7271.67443724077,6.12955885899744,0.0852143670418776,7492561.0,0.11007001136868891,-0.70192274454598,108610.0,70,0.6422607578676942,12.0,957,5
BUR,2008,9451435490.11467,619.437533256264,5.79999174105387,0.014782431759359817,15258093.0,0.22415012303196635,2.93816522811728,273600.0,6,0.055050922102945224,0.0,957,0
CAF,2008,1993407888.49838,437.24827472489,2.05413096200485,0.0031177714867881225,4558984.0,0.06697408545751857,2.1330142206447,622980.0,3,0.027525461051472612,0.0,957,0
CAM,2008,12174303999.0812,866.283999789749,7.47636606631011,0.019041109498376917,14053479.0,0.20645365360383866,1.51791486007376,176520.0,4,0.036700614735296816,0.0,957,0
CAN,2008,1552993439550.14,46710.3654423328,0.995406371264522,2.4289452715298485,33247298.0,0.48842184519261017,1.083871149194,8965590.0,332,3.046151023029636,12.0,957,19
CAY,2008,4585949023.79609,89655.1196222184,-0.357401201092983,0.00717261188176887,51151.0,0.0007514374793237995,2.90387130778235,240.0,4,0.036700614735296816,0.0,957,0
CGO,2008,11649857673.4436,2832.09177777643,6.30637595585259,0.018220853990280467,4113517.0,0.060429920150839624,3.28885266905607,341500.0,5,0.04587576841912102,0.0,957,0
CHA,2008,13385593990.3378,1166.36883453841,3.08119033854541,0.020935616597883025,11476296.0,0.1685933596256926,3.49922011538019,1259200.0,2,0.018350307367648408,0.0,957,0
CHI,2008,179894594475.405,10683.2188772511,3.78939280635238,0.2813625051445088,16838988.0,0.24737437581051608,0.999137869915681,743532.0,26,0.2385539957794293,3.0,957,1
CHN,2008,4667346414521.95,3523.44302065213,9.66877608164454,7.299920730784818,1324655000.0,19.45994045421727,0.51238693163744,9388210.8,599,5.495917056610698,63.0,957,100
CIV,2008,34078240293.2559,1583.97066701372,4.7826659787672,0.053299761939972726,21514439.0,0.31605942818763355,2.27477682329573,318000.0,21,0.1926782273603083,0.0,957,0
CMR,2008,27715142032.913,1492.14269801453,2.8476778892105,0.04334761595008576,18574056.0,0.2728635182393129,2.86258453269924,472710.0,32,0.2936049178823745,1.0,957,1
COD,2008,22723488723.3641,352.900363371995,7.43333574200602,0.035540465968269194,64390664.0,0.9459357245830133,3.01581282864875,2267050.0,5,0.04587576841912102,0.0,957,0
COL,2008,242504150472.931,5541.83629665898,3.28344618616541,0.3792864120457679,43758808.0,0.6428419460369125,1.20339154806457,1109500.0,67,0.6147352968162217,2.0,957,2
COM,2008,915659107.965823,1455.02768595586,3.96461118871815,0.001432128303948974,629307.0,0.00924488017440172,1.98685114604965,1861.0,3,0.027525461051472612,0.0,957,0
CPV,2008,1959620648.31578,3908.64885822576,7.03901129565128,0.003064926860925864,501355.0,0.00736519202843314,1.03555151023311,4030.0,2,0.018350307367648408,0.0,957,0
CRC,2008,30801745703.3018,6937.24261660254,4.73817511214847,0.04817519036176472,4440056.0,0.06522696503873848,1.35616451871952,51060.0,8,0.07340122947059363,0.0,957,0
CRO,2008,68473103476.6775,15888.1184388903,1.97176786914632,0.10709473503302597,4309705.0,0.06331203420909025,-0.0118794578559279,55964.0,99,0.9083402146985963,5.0,957,5
CUB,2008,56302129629.6296,4986.12436479175,4.11682804164681,0.08805883402866375,11291762.0,0.1658824495005819,0.0397714096996831,106440.0,158,1.449674282044224,27.0,957,24
CYP,2008,27958384913.4219,35541.88671875,3.64698922103939,0.043728057766128814,1091026.0,0.01602779666705886,1.69266521990115,9240.0,17,0.15597761262501147,0.0,957,0
CZE,2008,236506264753.95,22774.7045076205,2.61226807205139,0.36990547341120716,10384603.0,0.15255576434670615,0.829412602993033,77240.0,134,1.2294705936324435,9.0,957,6
DEN,2008,354979471960.142,64616.6657583663,-0.417178439991005,0.5552024161528416,5493621.0,0.08070443816543744,0.587547590258978,40000.0,84,0.7707129094412332,8.0,957,7
DMA,2008,480003703.703704,6971.32633839289,7.12131217762231,0.0007507454292695897,68854.0,0.0010115046861519988,0.0101669559495206,750.0,2,0.018350307367648408,0.0,957,0
DOM,2008,48091433554.186,5023.58513403515,3.26808671288212,0.07521696947178934,9573130.0,0.1406347613231226,1.23469232350419,48310.0,24,0.2202036884117809,1.0,957,2
ECU,2008,61139438000.0,4194.75750661981,6.56492068224719,0.09562458221144195,14575202.0,0.21411806321509258,1.70519778784789,248360.0,25,0.2293788420956051,0.0,957,1
EGY,2008,162818181818.182,1896.21594269779,7.15628356711522,0.2546542971623365,85864789.0,1.2614029170266448,1.86740413264217,995450.0,100,0.9175153683824204,5.0,957,1
ERI,2008,1380188800.0,490.066956003333,-9.78303001782456,0.0021586717459344557,2816327.0,0.0413734562732216,2.63004117479615,121057.494,10,0.09175153683824204,1.0,957,0
ESA,2008,17986890000.0,2983.24829577976,2.15440298282768,0.02813223179338291,6029297.0,0.08857382533625044,0.32349566022278,20720.0,11,0.10092669052206625,0.0,957,0
ESP,2008,1636115447612.5,35603.248328071,0.767165748290694,2.558951492613191,45954106.0,0.6750921306957575,1.59533049906372,498800.0,283,2.59656849252225,20.0,957,18
EST,2008,24342935403.5447,18205.9064113446,-5.12531154308803,0.038073346826709153,1337090.0,0.01964261772456177,-0.268133719541207,42390.0,47,0.4312322231397376,3.0,957,2
ETH,2008,27066912635.2228,316.410475118075,10.7885216870332,0.042333758653404364,85543668.0,1.2566854656611204,2.89435688963486,1128568.3,27,0.2477291494632535,7.0,957,7
FIJ,2008,3523185919.55826,3899.92231512129,1.03279368777636,0.005510406909710121,903399.0,0.013271448600880552,0.618134789575492,18270.0,6,0.055050922102945224,0.0,957,0
FIN,2008,285698662071.094,53769.4726240385,0.784431235717051,0.44684439524806063,5313399.0,0.07805687378939995,0.465549284507694,303900.0,57,0.5229837599779796,2.0,957,4
FRA,2008,2926802941585.86,45464.8181385158,0.380171435849121,4.57763953447474,64375116.0,0.9457073155601492,0.558020613148126,538950.0,309,2.835122488301679,33.0,957,41
FSM,2008,261000000.0,2395.90218109716,-2.53164556962025,0.00040821467736072985,108936.0,0.0016003322173098753,-0.862830740479894,700.0,5,0.04587576841912102,0.0,957,0
GAB,2008,15571348344.3379,9688.64519690633,-3.30843064878751,0.024354225825499738,1607175.0,0.023610321026611942,3.22072516127824,257670.0,4,0.036700614735296816,0.0,957,0
GAM,2008,1561766955.73024,859.127671411226,6.25590553394287,0.002442667409755055,1817852.0,0.02670528679133795,2.90664631280342,10120.0,3,0.027525461051472612,0.0,957,0
GBR,2008,2945251838235.29,47652.4030691881,-0.0494116727402769,4.606494363568259,61806995.0,0.9079801475509507,0.787032622318939,241930.0,304,2.7892467198825583,30.0,957,48
GBS,2008,952667544.037289,640.210331101753,4.52457514610252,0.0014900110119587008,1488054.0,0.021860365327319057,2.52259007377628,28120.0,3,0.027525461051472612,0.0,957,0
GEO,2008,12795145130.9103,3324.7537205015,2.42161440960641,0.02001213042681326,3848449.0,0.056535919451549274,-0.303790529341209,69490.0,35,0.3211303789338471,4.0,957,6
GEQ,2008,19749893536.3204,18210.5552970599,17.7991091333811,0.03088964144765439,1084530.0,0.015932366707416087,4.57370994415875,28050.0,3,0.027525461051472612,0.0,957,0
GER,2008,3808197720125.0,46379.1647953479,0.887902330743628,5.9561770254662605,82110097.0,1.2062443415908324,-0.190142844695674,348630.0,420,3.8535645472061653,49.0,957,41
GHA,2008,28679383241.0729,1182.65761256016,9.14979893831817,0.044855728646204206,24249946.0,0.3562455923829105,2.5377798286274,227540.0,9,0.08257638315441783,0.0,957,0
GRE,2008,351121399546.485,31695.8331092209,0.0574740238200775,0.549168233066346,11077841.0,0.16273982751832491,0.265457836726293,128900.0,152,1.3946233599412792,16.0,957,4
GRN,2008,825976037.037037,7448.2040563865,0.947542624907697,0.001291860312133212,110896.0,0.0016291257396158837,0.337822901198071,340.0,9,0.08257638315441783,0.0,957,0
GUA,2008,38503720224.3166,2763.05988172926,3.29352400028485,0.06022139359600463,13935174.0,0.20471568541179153,2.05271863868285,107160.0,12,0.11010184420589045,0.0,957,0
GUI,2008,6964179983.17212,703.532825784369,4.13301615965833,0.01089226239430138,9898870.0,0.14542006844351,2.41908604968745,245720.0,5,0.04587576841912102,0.0,957,0
GUM,2008,4658000000.0,28112.2316573422,2.03458799593082,0.007285302556116015,165693.0,0.002434125046657901,0.257433064578674,540.0,6,0.055050922102945224,0.0,957,0
GUY,2008,3025187433.33637,4008.9628671603,1.75522349592019,0.004731516904425827,754606.0,0.01108559423124895,-0.298385829541619,196850.0,4,0.036700614735296816,0.0,957,0
HAI,2008,10432962634.8748,1094.66058421644,2.6580323082747,0.0163175803674788,9530774.0,0.14001252742986073,1.66611362408622,27560.0,7,0.06422607578676942,0.0,957,0
HKG,2008,219278749139.734,31515.5292103443,2.12793685154209,0.34296093422276225,6957800.0,0.10221406607180958,0.598238786949717,1050.0,34,0.31195522525002295,1.0,957,0
HON,2008,13881731875.7466,1732.49062702803,4.23160011009342,0.021711596547379534,8012587.0,0.11770949107823199,2.24385864950969,111890.0,25,0.2293788420956051,0.0,957,0
HUN,2008,158228265915.534,15762.6322515113,0.993437085479655,0.2474754809197605,10038188.0,0.1474667296377082,-0.17509736747488,89610.0,171,1.568951279933939,17.0,957,10
INA,2008,510228634992.258,2124.55483920618,6.01370360009123,0.798018458289541,240157903.0,3.5280571107116097,1.29735043016571,1877519.0,24,0.2202036884117809,4.0,957,5
IND,2008,1198895139005.92,992.519584923828,3.08669805950082,1.8751210435197279,1207930964.0,17.745197528598215,1.43877181746736,2973190.0,53,0.48628314524268285,1.0,957,3
IRI,2008,406070949553.875,5377.4115072957,0.250856553493634,0.6351115772325682,75514204.0,1.1093468965788191,1.214476845232,1628760.0,54,0.495458298926507,6.0,957,2
IRL,2008,275447471451.063,61353.1065629523,-4.48407081043062,0.4308111137479867,4489544.0,0.06595397209581998,2.03870801117202,68890.0,55,0.5046334526103312,0.0,957,3
IRQ,2008,131614434153.505,4542.96609046032,8.22810710383277,0.20585035928731063,28971036.0,0.42560110780315247,2.02029989529593,437370.0,4,0.036700614735296816,0.0,957,0
ISL,2008,18247921360.2599,57489.3399795216,1.69961072411662,0.02854049551947305,317414.0,0.004662993412877256,1.85957217059918,100250.0,27,0.2477291494632535,0.0,957,1
ISR,2008,220952472408.027,30231.0191013609,3.2158134842205,0.34557870588543416,7308800.0,0.10737045705620195,1.7765791059698,21640.0,43,0.3945316084044408,2.0,957,1
ISV,2008,4244000000.0,39152.3750657306,1.21862495452891,0.006637789619612788,108397.0,0.0015924139986757228,0.0553674103119773,350.0,7,0.06422607578676942,0.0,957,0
ITA,2008,2417508414187.19,40828.5795580937,-1.02313851177097,3.781082058675377,59211181.0,0.8698461535145989,0.771291301351719,295718.0,333,3.05532617671346,32.0,957,27
JAM,2008,13709401520.0326,5029.80095281745,-0.811736702186792,0.021442064821106544,2725635.0,0.04004113886251929,0.435156176173166,10830.0,50,0.4587576841912102,5.0,957,9
JOR,2008,25651620830.6149,3669.83012701745,7.22038637280149,0.0401201843722193,6989866.0,0.10268513397296491,2.35427976058258,88240.0,7,0.06422607578676942,0.0,957,0
JPN,2008,5160197175876.43,40294.2081309702,-1.16662209355141,8.070759483786,128063000.0,1.881318799527746,0.0484253945978966,364500.0,332,3.046151023029636,37.0,957,25
KAZ,2008,133441648851.982,8123.54705891736,3.30000000021091,0.20870819782603695,16426525.0,0.24131505816209609,1.03606576058941,2699700.0,130,1.1927699788971464,8.0,957,13
KEN,2008,35895153327.8497,915.54435473604,0.232282744812977,0.05614148825495056,39206351.0,0.5759637459467875,3.02964938264436,569140.0,46,0.4220570694559134,7.0,957,15
KGZ,2008,5139958909.17936,966.388569370494,8.40161604861429,0.00803910600673587,5318729.0,0.07813517454138516,0.951050106115373,191800.0,20,0.18350307367648408,0.0,957,2
KIR,2008,147017894.97877,1410.62246914058,-2.98473121631831,0.00022994200216479795,104222.0,0.0015310808580494034,2.08839816441385,810.0,2,0.018350307367648408,0.0,957,0
KOR,2008,1091580692542.34,22252.3125108061,3.00440451679569,1.707276859078059,49054708.0,0.7206417494962958,0.759316681850927,96990.0,265,2.431415726213414,30.0,957,31
KSA,2008,519796800000.0,22320.4888964331,6.2379875365458,0.8129834597898079,23287877.0,0.34211224788728833,4.02875655811595,2149690.0,14,0.12845215157353884,0.0,957,0
KUW,2008,147379737229.753,55585.1889344442,2.47975694278544,0.2305079382480949,2651421.0,0.03895089270720392,5.5655156760957,17820.0,8,0.07340122947059363,0.0,957,0
LAO,2008,5446433157.40114,885.747376088762,7.82490276337012,0.00851844426864095,6148969.0,0.09033187554104874,1.5195940495706,230800.0,4,0.036700614735296816,0.0,957,0
LAT,2008,34135200994.0067,15677.6080864506,-3.38871665849958,0.05338885080617666,2177322.0,0.03198610692569556,-1.0509395443743,62227.0,47,0.4312322231397376,4.0,957,3
LBA,2008,86710767415.1371,13906.1407818125,-0.162048238799883,0.1356191875251781,6235430.0,0.09160203713905885,2.12409959672873,1759540.0,6,0.055050922102945224,0.0,957,0
LBR,2008,1726000000.0,451.713856283285,7.14569112811476,0.002699534609672873,3821003.0,0.05613272199582952,4.05801806274783,96320.0,3,0.027525461051472612,0.0,957,0
LCA,2008,1437731111.11111,8516.96075488787,4.94932194028057,0.00224867027453527,168808.0,0.002479886180322808,0.623950967419395,610.0,4,0.036700614735296816,0.0,957,0
LES,2008,1766902709.19935,898.482517882593,5.52341966978646,0.0027635081201670968,1966541.0,0.028889613341418624,0.677229463442686,30360.0,5,0.04587576841912102,0.0,957,0
LIB,2008,29118916105.4726,5912.04532820842,9.06912826789082,0.04554317602716344,4925354.0,0.07235627054285142,1.66309647863534,10230.0,6,0.055050922102945224,0.0,957,0
LIE,2008,5081479840.08716,143249.227302093,1.79808847836411,0.007947642350330396,35473.0,0.0005211186820209407,0.596594686745767,160.0,2,0.018350307367648408,0.0,957,0
LTU,2008,47831254207.5223,14955.5345462921,2.59946154605602,0.07481003832981904,3198231.0,0.046983844713402174,-1.02848317546539,62675.0,71,0.6514359115515185,3.0,957,5
LUX,2008,58844277701.5258,120422.137934157,-0.302272983306707,0.09203485761093314,488650.0,0.007178548303485261,1.78749663225793,2574.46,13,0.11927699788971464,0.0,957,0
MAD,2008,10725137723.6549,512.579800058444,6.71263253913001,0.01677455415904666,20923840.0,0.3073831906976303,2.93532927308935,581540.0,6,0.055050922102945224,0.0,957,0
MAR,2008,101822906949.063,3183.20043945313,5.68453936284732,0.15925519198522367,31606767.0,0.4643215054261822,1.33869604527126,446300.0,47,0.4312322231397376,3.0,957,2
MAS,2008,230811614370.384,8371.82156086005,4.83176988913097,0.3609988072464196,27570059.0,0.4050199534665682,2.09531674831339,328550.0,32,0.2936049178823745,0.0,957,1
MAW,2008,7743617352.21427,554.048820396119,7.63973639944591,0.012111334325820297,13976417.0,0.20532156869774396,2.90426164632368,94280.0,4,0.036700614735296816,0.0,957,0
MDA,2008,6054824248.24221,2110.55305353857,7.80000014541523,0.00946999282364796,2868833.0,0.042144799478425324,-0.190349156188775,32890.0,29,0.26607945683090195,0.0,957,1
MDV,2008,2271646187.5,6757.43280929292,8.97645459033633,0.0035529475689963395,336170.0,0.004938529792658632,3.53961652894355,300.0,4,0.036700614735296816,0.0,957,0
MEX,2008,1161553459984.65,10523.7685427665,0.943331872912935,1.816717129903729,110374288.0,1.6214614916009285,1.46015632826518,1943950.0,83,0.761537755757409,4.0,957,3
MGL,2008,5623216608.04288,2127.42678594737,8.90036794067551,0.00879494081755449,2643201.0,0.03883013620038995,1.57679522082476,1557465.087,28,0.2569043031470777,1.0,957,4
MHL,2008,146600000.0,2817.60522775322,-7.56634669678148,0.0002292883973221571,52030.0,0.000764350492643688,-0.0096093787610558,180.0,5,0.04587576841912102,0.0,957,0
MKD,2008,9909552434.51136,5026.4202989873,5.47200139015595,0.015498945401698428,1971493.0,0.02896236105695911,-0.578593804248589,25230.0,7,0.06422607578676942,0.0,957,0
MLI,2008,11462490840.2195,767.194838946144,3.63871070923719,0.017927804598047988,14940782.0,0.21948864274806743,3.2862188900418,1220190.0,17,0.15597761262501147,0.0,957,0
MLT,2008,9172399572.85742,22405.6426266551,4.41059689827608,0.014346008169569689,409379.0,0.006014011922505869,0.650655460565174,320.0,6,0.055050922102945224,0.0,957,0
MNE,2008,4559410049.1032,7390.01481290503,6.89860030860218,0.007131103839654913,616969.0,0.009063627889599916,0.177475866720179,13450.0,19,0.1743279199926599,0.0,957,0
MON,2008,6502945305.07812,204263.893236529,0.746871215179652,0.010170872488915472,31836.0,0.00046768906945616855,-0.0031410487964548,2.027,5,0.04587576841912102,0.0,957,0
MOZ,2008,12920340964.6544,592.159111184122,6.87802942560995,0.020207941832478992,21819036.0,0.3205341325314312,2.46564120587285,786380.0,4,0.036700614735296816,0.0,957,0
MRI,2008,10127741914.5324,8140.47983639243,5.4630565042284,0.015840202674458178,1244121.0,0.018276849880037627,0.361630847401639,2030.0,11,0.10092669052206625,0.0,957,1
MTN,2008,5206437193.80413,1635.5630623124,-0.331079195278377,0.008143080763477611,3183269.0,0.04676404436608457,2.87480873438379,1030700.0,2,0.018350307367648408,0.0,957,0
MYA,2008,31862554101.9378,658.442487229705,10.2553053929808,0.04983433809429632,48390793.0,0.7108884579851765,0.550688224031359,653310.0,6,0.055050922102945224,0.0,957,0
NAM,2008,8607431497.49471,4204.78555422749,2.64981203780268,0.01346237498718156,2047056.0,0.030072424794718767,1.39984615902945,823290.0,10,0.09175153683824204,0.0,957,0
NCA,2008,8496967596.77008,1523.68437086409,3.43571693608081,0.013289604927433236,5576593.0,0.08192334435562833,1.43313226086457,120340.0,6,0.055050922102945224,0.0,957,0
NED,2008,957901566041.406,58246.7026905874,2.11674514240192,1.4981972364939864,16445593.0,0.24159517800053024,0.389292461499527,33760.0,237,2.1745114230663365,22.0,957,16
NEP,2008,12545438605.3959,464.817391891529,6.10463914373472,0.019621579205557595,26990037.0,0.3964990981630092,0.749540559520267,143350.0,8,0.07340122947059363,0.0,957,0
NGR,2008,339476276257.793,2154.10543545364,6.76447277784263,0.530954783847498,157595014.0,2.315160995369766,2.78453384410814,910770.0,74,0.678961372602991,2.0,957,4
NIG,2008,7297600226.00536,475.044955398162,7.73141422777337,0.011413745294124013,15361915.0,0.2256753276609737,3.70203244818704,1266700.0,4,0.036700614735296816,0.0,957,0
NOR,2008,472060283687.943,99001.5300678626,0.822805797014865,0.7383215954041695,4768212.0,0.07004776458253978,1.24633301535167,365244.0,84,0.7707129094412332,6.0,957,9
NRU,2008,37602264.7306872,3756.84531228766,19.9999999999999,5.8811480325939575e-05,10009.0,0.00014703794120451033,-0.109840741983694,20.0,1,0.009175153683824204,0.0,957,0
NZL,2008,133437126590.286,31324.7397977102,-1.02561134479848,0.20870112482374126,4259800.0,0.06257890118323242,0.848701402422591,263310.0,178,1.6331773557207083,5.0,957,9
OMA,2008,69804681404.4213,26576.779241509,8.95005895005896,0.10917737738610873,2626529.0,0.03858521497391761,2.16896017651993,309500.0,4,0.036700614735296816,0.0,957,0
PAK,2008,202203748583.854,1067.04324565284,2.1204410433083,0.3162549348248586,189499113.0,2.7838504781297697,2.67715693120755,770880.0,21,0.1926782273603083,0.0,957,0
PAN,2008,25721328000.0,7347.59050324397,10.1974325907958,0.04022920923681804,3500648.0,0.05142652360892065,1.82065403181381,74340.0,5,0.04587576841912102,0.0,957,1
PAR,2008,24615267663.5456,4384.9546943793,6.4962921197091,0.03849928562230756,5613574.0,0.08246661642113777,0.969992282647573,397300.0,7,0.06422607578676942,1.0,957,0
PER,2008,120550599815.441,4197.58444634142,9.1265683014642,0.18854606976744331,28719041.0,0.4218991569595287,0.657968680657885,1280000.0,13,0.11927699788971464,0.0,957,0
PHI,2008,181624626327.361,1959.29233534978,4.34448730509183,0.2840683457355816,92699095.0,1.3618027855251593,1.76733466433421,298170.0,15,0.13762730525736308,0.0,957,0
PLE,2008,7310400000.0,2035.20234121766,7.42918225547835,0.011433764664283065,3591977.0,0.05276819891437242,2.75135880229092,6020.0,4,0.036700614735296816,0.0,957,0
PLW,2008,199046109.375,10471.1510008417,-5.55349767521281,0.00031131625792499686,19009.0,0.0002792530946504683,-1.52961662609278,460.0,5,0.04587576841912102,0.0,957,0
PNG,2008,11670892800.5309,1624.79319935188,-0.296457845880582,0.018253753789580024,7183002.0,0.10552241240362477,3.10574391860633,452860.0,7,0.06422607578676942,0.0,957,0
POL,2008,535612030671.888,14048.5604672654,4.38377069274605,0.8377191275526824,38125759.0,0.5600892307142903,0.0136373796827091,306300.0,257,2.3580144967428205,10.0,957,10
POR,2008,263416394624.084,24949.0413566739,0.319247344434558,0.4119940174061194,10558177.0,0.15510566579606488,0.144191279853498,91470.0,77,0.7064868336544637,3.0,957,2
PUR,2008,93639300000.0,24898.3345857045,-1.84413421831884,0.14645569593020916,3760866.0,0.05524927503107623,-0.58667739163101,8870.0,22,0.2018533810441325,0.0,957,0
QAT,2008,115269780219.78,80781.2113909506,17.6630346842674,0.18028665188452006,1426938.0,0.02096253629198537,16.6072361839519,11610.0,20,0.18350307367648408,0.0,957,0
ROU,2008,214315932061.275,10435.1561230787,9.30746717077338,0.33519888528604397,20537875.0,0.3017131438421004,-1.66638264306554,229900.0,101,0.9266905220662446,19.0,957,8
RSA,2008,316131258616.309,6184.75474328399,3.1910438863288,0.4944422212248967,51114599.0,0.750902727790401,1.15309551684298,1213090.0,134,1.2294705936324435,6.0,957,1
RUS,2008,1660848058303.11,11635.2841796875,5.19996926404957,2.5976343075302633,142742366.0,2.096967091547677,-0.0439492591634852,16376870.0,454,4.1655197724561885,90.0,957,72
RWA,2008,5120655375.24365,522.288339420679,11.161247324054,0.008008914489963884,9804269.0,0.1440303255844943,2.62837643087324,24670.0,4,0.036700614735296816,0.0,957,0
SAM,2008,641346191.664776,3373.60639884263,3.55610467395,0.0010030916808696144,190107.0,0.00279278068623897,0.714778949876493,2830.0,6,0.055050922102945224,0.0,957,0
SEN,2008,16853989627.548,1398.79218010021,3.70316906391386,0.026360329264561666,12048959.0,0.17700610700545066,2.3395118470328,192530.0,15,0.13762730525736308,0.0,957,0
SEY,2008,979597394.293453,11265.4376270005,-2.72594626154864,0.0015321303994441137,86956.0,0.0012774334314496355,2.23628271543202,460.0,9,0.08257638315441783,0.0,957,0
SGP,2008,193617323539.203,40008.5720489092,1.86348345462035,0.3028254147892866,4839396.0,0.07109349830286169,5.32151708302623,700.0,25,0.2293788420956051,0.0,957,1
SKN,2008,777692592.592593,16604.9448615905,11.3170358267109,0.0012163430297740035,46835.0,0.00068803296796016,0.275815058165901,260.0,4,0.036700614735296816,0.0,957,0
SLE,2008,4157895298.19572,705.359014080005,3.68605969932123,0.006503118343496788,5894722.0,0.08659684152791824,2.49702214618885,72180.0,3,0.027525461051472612,0.0,957,0
SLO,2008,55509332322.3578,27461.9764165315,3.37223866114127,0.08681886660720622,2021316.0,0.02969428945586333,0.158140843634363,20146.2,61,0.5596843747132765,4.0,957,5
SMR,2008,2403214435.9375,75902.1677701187,-0.500939261114581,0.003758725691934387,31662.0,0.00046513290982288006,1.43466268697041,60.0,4,0.036700614735296816,0.0,957,0
SOL,2008,776335523.470373,1525.84666261203,6.22590636247851,0.0012142205181499299,508790.0,0.007474416435752106,1.71153079844048,27990.0,3,0.027525461051472612,0.0,957,0
SOM,2008,5913620292.90573,507.03744334738,6.69435192582009,0.00924914406092865,11663084.0,0.17133738230145523,2.96295013077131,627340.0,2,0.018350307367648408,0.0,957,0
SRB,2008,54220641201.6474,7376.73517910716,5.16089327231823,0.08480330097479843,7350222.0,0.10797896995465067,-0.425705551624613,87460.0,87,0.7982383704927056,0.0,957,3
SRI,2008,40713826215.0093,1973.58476901287,5.95008814473897,0.06367808977962011,20629378.0,0.30305737530718546,0.665501489405385,62710.0,8,0.07340122947059363,0.0,957,0
STP,2008,188021165.00338,1081.8684584729,6.2287850696102,0.0002940727939036143,173793.0,0.0025531186847592637,2.38327636004872,960.0,3,0.027525461051472612,0.0,957,0
SUI,2008,574703945157.419,75147.5376709155,2.53159615417233,0.8988604810359171,7647675.0,0.11234872484775739,1.27061807385776,39514.422,83,0.761537755757409,5.0,957,7
SUR,2008,3532969034.60838,6576.08546307249,4.14340681165626,0.005525708101870149,537245.0,0.007892436679230409,1.16620762103283,160507.61,4,0.036700614735296816,0.0,957,0
SVK,2008,96685492864.2317,17973.8436435514,5.36337721231949,0.15122006618787548,5379233.0,0.07902401294628453,0.0857552995195914,48100.0,57,0.5229837599779796,6.0,957,6
SWE,2008,514614100832.941,55817.1759726485,-0.923113250067971,0.8048775062712686,9219637.0,0.13544174674122572,0.779033290770134,407339.7,123,1.128543903110377,7.0,957,5
SWZ,2008,3235921170.5095,2946.8606613746,1.44055358727118,0.005061113090361268,1098091.0,0.016131585562513935,0.6748941459051,17200.0,4,0.036700614735296816,0.0,957,0
SYR,2008,52557913397.4638,2429.1247629459,4.47662154277957,0.08220272666781175,21636564.0,0.31785351436703224,3.53953603606328,183640.0,7,0.06422607578676942,1.0,957,0
TAN,2008,27947821397.9272,675.977233886719,5.68641685905224,0.04371153599574772,42570728.0,0.6253883705362376,2.70285900109119,885800.0,9,0.08257638315441783,0.0,957,0
TGA,2008,344438844.333518,3218.45303993196,4.86284132376997,0.0005387164433337538,107020.0,0.0015721850801984911,0.275093040718062,720.0,3,0.027525461051472612,0.0,957,0
THA,2008,291382982430.951,4309.13509292986,1.72569884866334,0.4557349048331719,67619830.0,0.9933740221599546,0.768156179389423,510890.0,47,0.4312322231397376,8.0,957,4
TJK,2008,5161299725.27673,703.327375898643,7.89999827154939,0.008072483916152735,7338403.0,0.10780534207703091,1.98075956919701,139960.0,15,0.13762730525736308,0.0,957,2
TKM,2008,19271523178.8079,3605.50395120549,14.7000000144534,0.030141450638647108,5345029.0,0.07852153660089947,1.90736323009162,469930.0,10,0.09175153683824204,0.0,957,0
TLS,2008,648523600.0,628.153219252849,11.3948048266465,0.0010143174411295747,1032429.0,0.015166973184117437,2.7037190705407,14870.0,1,0.009175153683824204,0.0,957,0
TOG,2008,4578847112.70688,771.351190404751,4.03561315398862,0.0071615042022902245,5936138.0,0.08720526628293132,3.21297180409526,54390.0,4,0.036700614735296816,0.0,957,1
TTO,2008,27871587349.5413,21298.9945258063,3.39173707807387,0.04359230282538085,1308587.0,0.01922389233359842,0.413435896307233,5130.0,28,0.2569043031470777,1.0,957,2
TUN,2008,44859439902.2191,4255.05008019523,4.23778147502819,0.07016199918110123,10542635.0,0.15487734491663632,0.961991588143559,155360.0,26,0.2385539957794293,0.0,957,1
TUR,2008,775415944332.866,10913.4079047769,0.920118221365883,1.2127822587594121,71051678.0,1.043789834373644,1.26560336535681,769630.0,67,0.6147352968162217,11.0,957,7
TUV,2008,31602915.0009478,3062.00125965971,6.57919977159274,4.942825191866083e-05,10321.0,0.00015162139985730358,1.3559199103652,30.0,3,0.027525461051472612,0.0,957,0
UAE,2008,315474615741.223,50054.1700685968,3.19181235452885,0.4934152049053777,6302664.0,0.09258974309759058,11.3816344065238,71020.0,8,0.07340122947059363,1.0,957,0
UGA,2008,14440404132.2047,472.842681495852,8.70875190154499,0.0225853828114425,30539553.0,0.44864352067399615,2.9444861420196,199810.0,11,0.10092669052206625,0.0,957,0
UKR,2008,188110390659.515,4017.806640625,2.24349159628288,0.29421234647997996,46819175.0,0.6878004896486843,-0.518999631278387,579320.0,243,2.2295623451692816,22.0,957,27
URU,2008,31119602538.8322,9423.96562595893,7.17614466455107,0.04867233145587562,3302177.0,0.04851087097341257,0.212934707039678,175020.0,12,0.11010184420589045,0.0,957,0
USA,2008,14769862000000.0,48570.0594269601,0.113587247501258,23.100668394607297,304093966.0,4.467314486297769,0.945865287282592,9147420.0,588,5.394990366088632,101.0,957,110
UZB,2008,29549438883.8338,1074.72928796701,9.02916101784781,0.046216531264961,27494774.0,0.4039139737079928,1.53479281387558,435967.0,56,0.5138086062941554,5.0,957,6
VAN,2008,590748429.401902,2603.60883136724,5.60099182147225,0.000923954710764963,226896.0,0.003333232161808231,2.50809716109013,12190.0,3,0.027525461051472612,0.0,957,0
VEN,2008,315953388510.678,11262.4514256759,5.21582733812949,0.49416402510312546,28053696.0,0.41212485792958414,1.45176982660994,882050.0,108,0.990916597853014,2.0,957,1
VIE,2008,99130304099.1274,1163.83195772873,5.66177120891362,0.15504385097508172,85175788.0,1.251281097811154,1.82745521345807,312792.0,13,0.11927699788971464,0.0,957,1
VIN,2008,732663259.259259,6598.90531450859,0.404640808638888,0.0011459153103163954,111028.0,0.0016310648951997578,-0.452015740934878,390.0,2,0.018350307367648408,0.0,957,0
YEM,2008,26910855807.288,1071.63583282105,3.64756947012633,0.042089679390318754,25111941.0,0.3689087925156492,3.21232812061682,527970.0,5,0.04587576841912102,0.0,957,0
ZAM,2008,17910858637.9048,1375.50211006997,7.77389581542363,0.02801331563266647,13021324.0,0.191290705636615,3.56663855229215,743390.0,8,0.07340122947059363,0.0,957,0
ZIM,2008,4418000000.0,340.917447588572,-17.6689987958491,0.006909932737853274,12959149.0,0.19037731928489252,1.20398732561507,386850.0,13,0.11927699788971464,3.0,957,4
AFG,2012,19907329777.5872,651.417134470046,12.7522870926697,0.026353711766224495,30560034.0,0.4272206392955582,4.04786256315645,652230.0,6,0.05705048968336978,1.0,962,1
ALB,2012,12246499747.9714,4280.93316338873,0.984129880204108,0.016212155427622388,2860708.0,0.039991889426494676,-1.54313670532257,27400.0,9,0.08557573452505468,0.0,962,0
ALG,2012,227143746075.934,6033.64884689543,2.40000000034432,0.30069732507898267,37646166.0,0.5262827621705757,1.99280790148967,2381740.0,38,0.3613197679946753,2.0,962,1
AND,2012,3188652765.29297,41500.5435782722,-4.97444371853503,0.004221200775691903,76834.0,0.0010741176073179408,-1.22756477898092,470.0,6,0.05705048968336978,0.0,962,0
ANG,2012,143572907527.976,5702.45306277434,8.50312283866612,0.19006461764103405,25177394.0,0.3519728531871447,3.88358355528674,1246700.0,33,0.31377769325853383,0.0,962,0
ANT,2012,1364729629.62963,15639.8078114787,3.37314273947959,0.0018066557242939626,87260.0,0.0012198701410126183,1.06918387987395,440.0,4,0.03803365978891319,0.0,962,0
ARG,2012,545982375701.128,12949.717486654,-1.0264204544321,0.722782126956353,42161721.0,0.5894089450103674,1.0276613644946,2736690.0,137,1.3026528477702768,6.0,962,4
ARM,2012,10619320682.9474,3511.56399687426,7.20000000096486,0.014058064017535015,3024100.0,0.04227606341320489,-0.125578337719131,28470.0,24,0.22820195873347912,6.0,962,3
ARU,2012,2615208379.88827,25119.6655449838,-1.04079988436683,0.003462063904210043,104110.0,0.001455428379335591,1.46978228958006,180.0,4,0.03803365978891319,0.0,962,0
ASA,2012,640000000.0,11745.4899153958,-4.33482810164425,0.0008472444933007941,54489.0,0.0007617408218386036,-0.742342325127959,200.0,4,0.03803365978891319,0.0,962,0
AUS,2012,1552728401401.58,68301.4402512587,3.95247138119184,2.055532168248803,22733465.0,0.3178074164021937,1.74582000067359,7682300.0,405,3.8509080536274602,46.0,962,35
AUT,2012,406750487603.59,48250.4059142637,0.628246239479637,0.538464235577429,8429991.0,0.11784889193106926,0.45593747231891,82520.0,70,0.6655890463059808,3.0,962,0
AZE,2012,69679944504.1972,7495.86527658099,2.20293891708398,0.09224367074169688,9295784.0,0.12995243340479992,1.32876382733755,82658.0,52,0.4944375772558714,7.0,962,10
BAH,2012,10720400000.0,28552.0242683151,4.52003886739061,0.014191874790596613,375469.0,0.005248950515423639,1.00108170366546,10010.0,21,0.19967671389179423,2.0,962,1
BAN,2012,133310747603.483,859.680536375497,6.52145877906443,0.17647937000759845,155070101.0,2.1678361903932037,0.958355912717609,130170.0,5,0.047542074736141485,0.0,962,0
BAR,2012,5486500500.0,19811.2953079751,-2.85797051387257,0.007263136462682895,276938.0,0.003871514979506675,0.288929228963865,430.0,6,0.05705048968336978,0.0,962,0
BDI,2012,2327402362.81574,231.098787811507,4.42303118490126,0.003081060680610769,10071028.0,0.1407901254469634,3.56852147814432,25680.0,6,0.05705048968336978,0.0,962,0
BEL,2012,498414364944.961,44874.1709182123,0.215803612089744,0.6598106657525477,11106932.0,0.15527177062866793,0.620163579337378,30333.0,111,1.055434059142341,2.0,962,3
BEN,2012,11141358115.8991,1071.5258366283,4.811223315688,0.014749147361855659,10397657.0,0.14535630656418563,2.96766540040992,112760.0,5,0.047542074736141485,0.0,962,0
BER,2012,6378188000.0,100213.493385287,-5.30529910675297,0.008443569781620633,63646.0,0.0008897530941426668,-0.136600245767712,54.0,8,0.07606731957782638,0.0,962,0
BHU,2012,1973387227.96519,2751.2128864294,5.16482012683895,0.002612408534443165,717279.0,0.010027357722615057,1.10777662014052,38117.0,2,0.019016829894456595,0.0,962,0
BIH,2012,17226735995.6905,4693.78899115381,-0.821837252962993,0.02280508939046148,3670113.0,0.051307142595029144,-1.93437927837206,51200.0,6,0.05705048968336978,0.0,962,0
BIZ,2012,1917083500.0,5732.66519942347,3.94389321816617,0.0025378725602700197,334414.0,0.004675013217242651,2.15086754763262,22810.0,3,0.02852524484168489,0.0,962,0
BLR,2012,65685890438.8922,6953.21591683101,1.70785253368828,0.08695626400298545,9446836.0,0.13206409767869676,-0.156617600248906,202899.0,160,1.5213463915565275,18.0,962,12
BOL,2012,27084497481.9103,2575.59857098084,5.12227560125973,0.035854986477137064,10515807.0,0.14700801017592802,1.59965176170266,1083300.0,5,0.047542074736141485,0.0,962,0
BOT,2012,13907464500.1489,6595.53845015424,-0.170857099335691,0.018410972989886615,2108617.0,0.029477869781476092,1.67774021157009,566730.0,4,0.03803365978891319,0.0,962,1
BRA,2012,2465227802806.76,12521.7213519966,1.92117598576537,3.263516688531317,196876111.0,2.7522723961446927,0.811598483382088,8358140.0,248,2.3580869069126176,16.0,962,17
BRN,2012,19048443340.7732,46968.5971164922,0.913135189664487,0.025216701135034804,405557.0,0.0056695722527922805,1.53255515873327,5270.0,12,0.11410097936673956,0.0,962,1
BRU,2012,19048443340.7732,46968.5971164922,0.913135189664487,0.025216701135034804,405557.0,0.0056695722527922805,1.53255515873327,5270.0,3,0.02852524484168489,0.0,962,0
BUL,2012,54299825600.0647,7432.33753378983,0.748814556346105,0.07188316910445047,7305888.0,0.10213424965370613,-0.579220596364389,108560.0,63,0.5990301416753827,5.0,962,2
BUR,2012,12561015156.5683,731.470138867833,6.45267237953146,0.01662851706510985,17172287.0,0.24006371950721006,3.0171707485343,273600.0,5,0.047542074736141485,0.0,962,0
CAF,2012,2510126512.22831,544.395849142785,5.05376125356918,0.0033229544765215058,4610848.0,0.06445835205074203,0.998867377606297,622980.0,6,0.05705048968336978,0.0,962,0
CAM,2012,17826536699.8016,1192.80263041673,7.65025657870362,0.02359911727114284,14945085.0,0.20892806493691915,1.49998418675996,176520.0,6,0.05705048968336978,0.0,962,0
CAN,2012,1828359477071.97,52670.1429540952,1.75566133205234,2.4204179667555406,34713395.0,0.48528345236851617,1.08374652233653,8965590.0,273,2.595797280593325,19.0,962,18
CAY,2012,4291004524.0181,75101.59136128,1.22975365701149,0.0056805155526611405,57136.0,0.0007987451338172925,2.71432817487524,240.0,4,0.03803365978891319,0.0,962,0
CGO,2012,17692911296.3044,3732.32737320389,9.94715314257564,0.02342222135352081,4740450.0,0.06627015138623958,2.79640825415116,341500.0,7,0.06655890463059808,0.0,962,0
CHA,2012,17892228569.8861,1354.34344701937,9.06180392253447,0.023686081451117405,13210998.0,0.18468601871622067,3.51265481153462,1259200.0,2,0.019016829894456595,0.0,962,0
CHI,2012,267024782486.855,15241.9069981119,6.15534001855494,0.3534926195887972,17519119.0,0.24491233285522393,0.959562935237505,743532.0,35,0.3327945231529904,1.0,962,0
CHN,2012,8673664713189.24,6405.0574241349,7.8578201481217,11.482366664042178,1354190000.0,18.931193516592682,0.678345458846803,9388211.0,375,3.565655605210612,100.0,962,88
CIV,2012,36302302877.2977,1546.9460184731,7.62041176451649,0.04805769719832507,23467078.0,0.32806311882894923,2.08872019159152,318000.0,9,0.08557573452505468,0.0,962,0
CMR,2012,30155062329.2821,1449.09874362279,4.62597872209571,0.03991986016191637,20809529.0,0.2909113348113244,2.8130471843416,472710.0,32,0.3042692783113055,1.0,962,0
COD,2012,30029369928.7318,409.931424783784,8.66859360586926,0.039753466108453865,73254618.0,1.024078858463047,3.33860489598034,2267050.0,4,0.03803365978891319,0.0,962,0
COL,2012,370691143018.039,8108.59838244229,3.91263576716115,0.49072817130845403,45715810.0,0.6390941048728634,1.00290782655336,1109500.0,101,0.960349909670058,2.0,962,8
COM,2012,1015842906.66403,1490.31425650871,3.1684098843342,0.0013447926698902685,681630.0,0.009528994776741129,2.01149862727803,1861.0,3,0.02852524484168489,0.0,962,0
CPV,2012,1913081210.41411,3736.81517011087,1.08364848376166,0.002532574251188394,511955.0,0.007156986225557128,0.0992767342106355,4030.0,3,0.02852524484168489,0.0,962,0
CRC,2012,47231655492.7812,10126.9991155066,4.88259252932575,0.0625261875402173,4663934.0,0.06520047932905736,1.16676672488044,51060.0,11,0.10459256441951127,0.0,962,0
CRO,2012,57547495859.7306,13507.6349882758,-2.23702049605232,0.07618249839126093,4260368.0,0.059558740693624185,-0.474278461071106,55964.0,107,1.0174003993534277,5.0,962,6
CUB,2012,73141000000.0,6470.83673392653,3.01490028898772,0.09682548356955215,11303175.0,0.15801519231194477,0.0141917100302061,106649.0,109,1.0364172292478844,24.0,962,14
CYP,2012,25047433099.5891,28991.9296875,-3.44738151374587,0.033158280882729534,1165397.0,0.01629192072800461,1.63540837414934,9240.0,13,0.12360939431396785,0.0,962,1
CZE,2012,210363223087.728,20014.0354015165,-0.770668190622743,0.2784829411782562,10510785.0,0.14693780403510556,0.139925655740972,77230.0,133,1.2646191879813635,6.0,962,10
DEN,2012,326792574244.963,58443.7747103968,-0.0054323016167074,0.4326143890322434,5591572.0,0.07816859642587907,0.376272242619955,40000.0,114,1.0839593039840258,7.0,962,9
DMA,2012,520355555.555556,7528.51001990155,-0.15739179314221,0.0006888568421920628,69118.0,0.0009662501077986493,0.094086320276983,750.0,2,0.019016829894456595,0.0,962,0
DOM,2012,60561635555.6383,6013.81965002603,2.77567100848816,0.08017267535906894,10070411.0,0.14078149996132272,1.24691664021516,48310.0,33,0.31377769325853383,2.0,962,2
ECU,2012,87735048000.0,5634.08393191094,5.783212336172,0.1161453691991888,15572194.0,0.21769487154086462,1.59213440589397,248360.0,36,0.3423029381002187,1.0,962,0
EGY,2012,279116666666.667,2996.0677072015,2.22619979818487,0.3695000919090733,93161001.0,1.302364467416304,2.24475795490011,995450.0,109,1.0364172292478844,1.0,962,2
ESA,2012,21386150000.0,3497.91256915509,2.82262371802327,0.02831140284438246,6113975.0,0.08547164273891386,0.390819912101065,20720.0,10,0.09508414947228297,0.0,962,0
ESP,2012,1330994811670.31,28456.4438151477,-2.86511368637748,1.7619969137493714,46773055.0,0.6538740912037697,0.0649259625617232,500210.0,278,2.643339355329467,18.0,962,17
EST,2012,23237406116.3988,17568.2137969714,3.67201872506541,0.030762131829239175,1322696.0,0.018490916296548546,-0.357944411443807,42390.0,32,0.3042692783113055,2.0,962,2
ETH,2012,43310721414.0829,452.101031885754,8.64781163513926,0.057335578467135176,95798767.0,1.3392396906844481,2.80390393439601,1128582.1,33,0.31377769325853383,7.0,962,7
FIJ,2012,3972028104.47328,4341.40338748749,1.41131415220703,0.005258248341798402,914918.0,0.012790295091393337,0.211061144367838,18270.0,9,0.08557573452505468,0.0,962,0
FIN,2012,257443384492.969,47551.6740841369,-1.52284013040689,0.3408085778881047,5413971.0,0.07568578463452012,0.475809486683209,303890.0,56,0.5324712370447846,4.0,962,3
FRA,2012,2683007095787.23,40863.5814412333,0.183835264973013,3.5518171678010724,65657659.0,0.9178755184837085,0.483714919435185,538950.0,324,3.0807264429019683,41.0,962,35
FSM,2012,324000000.0,3003.05867086848,-1.61943319838058,0.000428917524733527,107890.0,0.0015082717111374213,0.178117567546797,700.0,6,0.05705048968336978,0.0,962,0
GAB,2012,17170464016.0593,9296.96587941088,5.25107691750407,0.022730595445352622,1846889.0,0.025818986303743453,3.57746904510728,257670.0,21,0.19967671389179423,0.0,962,1
GAM,2012,1415004738.26621,692.579361628102,5.24156924630741,0.0018732108945165276,2043094.0,0.028561876757758814,2.94591935774346,10120.0,2,0.019016829894456595,0.0,962,0
GBR,2012,2719715961539.83,42688.3263728372,1.52826034721852,3.6004130808701484,63711000.0,0.8906617757741797,0.712282568284022,241930.0,530,5.039459922030998,48.0,962,65
GBS,2012,1049412177.11413,635.461653303881,-1.71286958446419,0.001389232325410538,1651417.0,0.02308634298258807,2.65952739224803,28120.0,4,0.03803365978891319,0.0,962,0
GEO,2012,16894392033.2256,4530.69533409431,6.57883101954195,0.02236512596533624,3728874.0,0.05212860476963427,-0.736565518814038,69490.0,34,0.3232861082057621,6.0,962,7
GEQ,2012,22388344143.9131,17308.5723924575,8.31287184445641,0.02963812701570852,1293483.0,0.01808252681191181,4.07484554769573,28050.0,2,0.019016829894456595,0.0,962,0
GER,2012,3596483233406.25,44718.0159214069,0.463512036709204,4.7610947105501245,80425823.0,1.124330277837106,0.187727800567293,348540.0,383,3.6417229247884375,41.0,962,44
GHA,2012,41271701060.954,1543.77524235764,9.2927894063005,0.05463628352039034,26734268.0,0.3737375117468385,2.4199090803465,227540.0,7,0.06655890463059808,0.0,962,0
GRE,2012,238841140018.233,21624.346052551,-8.33113421099992,0.31618256352208096,11045011.0,0.15440613254705385,-0.540752950543684,128900.0,102,0.9698583246172864,4.0,962,2
GRN,2012,799881481.481481,7092.71985352677,-1.15483816409801,0.0010588987194976027,112775.0,0.0015765626306749718,0.619070350394075,340.0,8,0.07606731957782638,0.0,962,1
GUA,2012,49593929487.1263,3286.61959336267,2.97470856847661,0.06565341196736817,15089647.0,0.21094900084483878,1.99138673642109,107160.0,19,0.18065988399733765,0.0,962,1
GUI,2012,7638044556.84656,699.353377212197,5.91528626133322,0.010111392484959923,10921581.0,0.1526806160273978,2.45416156342286,245720.0,4,0.03803365978891319,0.0,962,0
GUM,2012,5265000000.0,31653.7506538168,2.13385063045585,0.006969909776919813,166331.0,0.0023252603761720124,-0.127375540693071,540.0,8,0.07606731957782638,0.0,962,0
GUY,2012,4063088535.76331,5444.39751913913,5.27633062046809,0.005378795918311017,746288.0,0.010432895344900583,0.0180911674723709,196850.0,6,0.05705048968336978,0.0,962,0
HAI,2012,13708925477.1304,1361.39396587374,0.502424403581585,0.018148143155577643,10069771.0,0.1407725529421817,1.54988860322553,27560.0,5,0.047542074736141485,0.0,962,0
HKG,2012,262628865879.697,36730.796195815,1.70032214482865,0.3476732193725095,7150100.0,0.09995637743816552,1.1039579972368,1050.0,41,0.3898450128363602,0.0,962,1
HON,2012,18528554397.5695,2126.03474686503,4.12868774866939,0.024528462003382764,8715076.0,0.12183429966829802,2.02251270813154,111890.0,25,0.23771037368070744,0.0,962,0
HUN,2012,128470269689.958,12950.1594488143,-1.33948446518181,0.17007145085575753,9920362.0,0.138683857343986,-0.516437606548041,90530.0,152,1.4452790719787012,10.0,962,18
INA,2012,917869913332.649,3632.27254030331,6.03005065305615,1.2150941088086937,252698525.0,3.5326539688910223,1.28583816632167,1877519.0,22,0.20918512883902254,5.0,962,2
IND,2012,1827637590410.41,1429.32199520032,5.45638755164772,2.4194623191011746,1278674502.0,17.875508194636485,1.37405616603306,2973190.0,81,0.7701816107254921,3.0,962,6
IRI,2012,644019315003.54,8114.08099831877,-3.74717139864109,0.8525653409626542,79370580.0,1.1095782789004505,1.25130743376216,1628760.0,52,0.4944375772558714,2.0,962,12
IRL,2012,226921827888.137,49335.8408099555,-0.40502941658977,0.30040354544996034,4599533.0,0.06430017154827172,0.4237438032978,68890.0,64,0.608538556622611,3.0,962,5
IRQ,2012,218002476129.472,6477.59618450955,13.9364301737537,0.28859593347911394,33654842.0,0.47048518056724026,4.53892168180122,434320.0,8,0.07606731957782638,0.0,962,0
ISL,2012,14943757823.3226,46594.9869146614,1.16931174934061,0.019782838320360516,320716.0,0.004483519048189353,0.532100734916982,100250.0,27,0.256727203575164,1.0,962,0
ISR,2012,263172104090.976,33268.7066672115,2.40993765217618,0.34839236872103563,7910500.0,0.11058655455512625,1.84615132126711,21640.0,37,0.351811353047447,1.0,962,0
ISV,2012,4089000000.0,37795.3192590675,-14.8125,0.005413098020479605,108188.0,0.001512437666924973,-0.0942359108531572,350.0,7,0.06655890463059808,0.0,962,0
ITA,2012,2097929495121.68,34854.3949441965,-3.12523877282996,2.777280018867435,60191247.0,0.8414566234886012,0.273513088134657,295718.0,281,2.6718646001711517,27.0,962,28
JAM,2012,14807086555.5283,5340.83333232158,-0.613636042132399,0.019601910228124332,2772430.0,0.03875778793316082,0.431454273219438,10830.0,45,0.4278786726252734,9.0,962,12
JOR,2012,34854017887.3239,4593.83609729005,2.40465716535539,0.046140429256941486,7587127.0,0.10606589139778412,1.41635205030682,88780.0,9,0.08557573452505468,0.0,962,0
JPN,2012,6333803928787.76,49626.6830327571,1.64893452981225,8.384813281738069,127629000.0,1.784217353051793,-0.159710675844347,364500.0,291,2.7669487496434346,25.0,962,38
KAZ,2012,207998568865.789,12018.7966527993,4.79999999528297,0.2753525657593527,17306106.0,0.24193447131101672,1.39710899026626,2699700.0,113,1.0744508890367976,13.0,962,13
KEN,2012,56396704671.5777,1285.00536171512,4.56867961444982,0.07465905855203964,43888303.0,0.6135460734519198,2.6080744180495,569140.0,47,0.4468955025197299,15.0,962,11
KGZ,2012,6605142884.36215,1168.62244675446,-0.0881501998439376,0.00874401708787618,5652076.0,0.07901442524792615,1.88401276584283,191800.0,14,0.13311780926119615,2.0,962,0
KIR,2012,207001545.867109,1843.55336349889,5.80365974645258,0.000274032687251031,112284.0,0.001569698589427697,1.46864224692138,810.0,3,0.02852524484168489,0.0,962,0
KOR,2012,1335343586437.67,26600.5477433903,2.54766550568242,1.7677539066778887,50199853.0,0.7017797588576978,0.525713660600414,97310.0,250,2.3771037368070744,31.0,962,28
KSA,2012,751921333333.333,28733.4375513452,5.76157382270968,0.9954081391594644,26168861.0,0.3658332816663948,4.20264227505544,2149690.0,18,0.17115146905010936,0.0,962,1
KUW,2012,174047662680.041,52155.2225833921,6.62587485078971,0.2304076934024044,3337109.0,0.04665184077933162,6.31732211154715,17820.0,10,0.09508414947228297,0.0,962,1
LAO,2012,10192846339.4029,1563.5650771337,8.02609843461283,0.013493488956437913,6518978.0,0.09113347022826215,1.42735442034268,230800.0,3,0.02852524484168489,0.0,962,0
LAT,2012,27116149948.6683,13329.3499931271,7.30524057200897,0.03589688863051223,2034319.0,0.028439204737504567,-1.24035915329271,62227.0,45,0.4278786726252734,3.0,962,2
LBA,2012,92540938129.1315,14975.8902795144,86.8267484395784,0.12250750036686898,6179328.0,0.08638525921067178,-2.61743182302169,1759540.0,4,0.03803365978891319,0.0,962,0
LBR,2012,2791614000.0,638.368751462083,7.99381444555367,0.003695593107689692,4373043.0,0.06113390535255836,3.53448694358844,96320.0,3,0.02852524484168489,0.0,962,0
LCA,2012,1598207407.40741,9260.30006551714,-0.108756148262358,0.002115738164185104,172587.0,0.0024127174882757818,0.456462690189925,610.0,4,0.03803365978891319,0.0,962,0
LES,2012,2477702216.26888,1217.93071228944,6.33408374679448,0.003280030560582783,2034354.0,0.028439694027613843,1.00510607755205,30360.0,4,0.03803365978891319,0.0,962,0
LIB,2012,44016799515.7546,8406.98405608118,2.56479133680038,0.058270298441325225,5235742.0,0.07319419358062902,2.70487296695382,10230.0,10,0.09508414947228297,0.0,962,0
LTU,2012,42709372066.8627,14288.1853493139,4.38290584355157,0.05653950046247527,2989139.0,0.041787318512907595,-1.2954927649989,62674.0,62,0.5895217267281544,5.0,962,5
LUX,2012,59776383527.3602,112584.676270958,1.64971134354685,0.07913314339530035,530946.0,0.007422475038850396,2.40154189982875,2574.46,9,0.08557573452505468,0.0,962,0
MAD,2012,11578975061.9479,493.511162904211,3.01114811621208,0.01532847321766028,23462438.0,0.3279982529401766,2.76626312576328,581795.0,7,0.06655890463059808,0.0,962,0
MAR,2012,106937392311.129,3164.17724609375,3.06234368502997,0.141565807443048,33355241.0,0.46629684325211856,1.3359712863904,446300.0,63,0.5990301416753827,2.0,962,1
MAS,2012,314443047642.111,10600.5744240026,5.47345419253853,0.41626584464296534,29662831.0,0.41467799489804563,1.70269513202166,328550.0,29,0.2757440334696206,1.0,962,2
MAW,2012,8773203178.16512,558.46208832772,1.90000000072909,0.011614137627045973,15709577.0,0.219615447057513,2.87064589887138,94280.0,3,0.02852524484168489,0.0,962,0
MDA,2012,8709138634.82921,3044.8084324815,-0.589733954762579,0.01152932773398788,2860324.0,0.03998652121501004,-0.0131095435392298,32860.0,20,0.19016829894456594,1.0,962,2
MDV,2012,2886163997.20531,7461.29703686309,2.38928797963442,0.003820760239680011,386818.0,0.005407606328285801,3.45705386277423,300.0,5,0.047542074736141485,0.0,962,0
MEX,2012,1255110424741.85,10744.1335236186,3.55321076010608,1.6615396810108645,116818208.0,1.6330855359362981,1.35716327923769,1943950.0,99,0.9413330797756013,3.0,962,7
MGL,2012,12292770631.565,4328.89001905655,12.3198198494032,0.016273409726567455,2839705.0,0.039698273421776724,1.89795214519602,1557251.947,29,0.2757440334696206,4.0,962,5
MHL,2012,180700000.0,3514.26515490383,-1.29068462401796,0.00023921418740539607,51419.0,0.0007188230893963765,-0.944590187330327,180.0,4,0.03803365978891319,0.0,962,0
MKD,2012,9745261300.57788,5049.8265386157,-0.456183223607937,0.01290096714483116,1929821.0,0.026978352227814716,-0.391858319665176,25220.0,4,0.03803365978891319,0.0,962,0
MLI,2012,14795114602.6122,872.506092463946,-1.07239924147837,0.019586061523152114,16957033.0,0.2370545294162918,2.91998728475051,1220190.0,6,0.05705048968336978,0.0,962,0
MLT,2012,9609530618.89688,22878.3095862582,4.10167460261891,0.012721284218852736,420028.0,0.00587187274340188,0.899209211902256,320.0,5,0.047542074736141485,0.0,962,0
MNE,2012,4071828832.31109,6552.47970337373,-2.48732882965353,0.0053903664934983955,621418.0,0.008687248032177162,0.172818849821581,13450.0,33,0.31377769325853383,0.0,962,1
MON,2012,5742748405.54688,165444.625782803,1.01221841230461,0.007602362442205482,34711.0,0.00048524997094532424,2.22856128605207,2.027,6,0.05705048968336978,0.0,962,0
MOZ,2012,16688114144.0745,685.685748199513,7.9945031610722,0.022092051268972207,24337846.0,0.3402362093967842,2.87101074780924,786380.0,6,0.05705048968336978,0.0,962,0
MRI,2012,11832323837.1071,9421.52514098225,3.51062090167264,0.01566386127178236,1255882.0,0.01755687545765768,0.277321025514609,1997.0,11,0.10459256441951127,1.0,962,0
MTN,2012,6728208836.22143,1859.11733247641,4.47001318233693,0.008906934197291173,3619034.0,0.05059307260955146,3.26413503920642,1030700.0,2,0.019016829894456595,0.0,962,0
MYA,2012,59937796648.2158,1202.6658960055,7.33267044704149,0.07934682523559941,49837446.0,0.696713411411056,0.841507088171189,653150.0,6,0.05705048968336978,0.0,962,0
NAM,2012,13042053591.6857,5942.64680978673,5.0616820696264,0.01726532513576492,2194654.0,0.03068064272809886,2.22673258326321,823290.0,9,0.08557573452505468,0.0,962,0
NCA,2012,10532017231.8253,1784.69836017555,6.4961364710876,0.013942490004707903,5901287.0,0.0824983246028642,1.40332726881517,120340.0,6,0.05705048968336978,0.0,962,0
NED,2012,845689017065.625,50473.9442002689,-0.977826121310997,1.1195396293028312,16754962.0,0.2342296339399617,0.370055034770235,33720.0,173,1.6449557858704955,16.0,962,20
NEP,2012,21703100877.1309,788.202937148377,4.67014192446953,0.028730988602657482,27534915.0,0.38493033055031467,0.256079255262795,143350.0,5,0.047542074736141485,0.0,962,0
NGR,2012,463971018239.281,2633.19734671361,4.23006117492493,0.6142138910224892,176200625.0,2.463234944593874,2.77422930277333,910770.0,49,0.46591233241418656,4.0,962,0
NIG,2012,9426912647.59111,528.510104469655,10.5489445763446,0.012479530983592464,17836769.0,0.24935299008984066,3.77324639644684,1266700.0,6,0.05705048968336978,0.0,962,0
NOR,2012,525082939406.962,104627.93694681,2.82395673492459,0.695115045216786,5018573.0,0.0701582323308746,1.31344098868985,365244.0,61,0.5800133117809261,9.0,962,4
NRU,2012,101055722.95058,9842.77032731856,24.3589743589745,0.00013377953872876496,10267.0,0.00014352975862682273,1.65974838801037,20.0,2,0.019016829894456595,0.0,962,0
NZL,2012,176508049114.249,40041.7524816244,2.30256429520961,0.23366480099267745,4408100.0,0.06162399230572682,0.548220797298334,263310.0,178,1.6924978606066368,9.0,962,13
OMA,2012,87408842652.7958,24642.2978768596,8.86312225557018,0.11571353219277627,3547106.0,0.04958753949583663,14.2253989455262,309500.0,3,0.02852524484168489,0.0,962,0
PAK,2012,250106966104.704,1204.36475491585,3.02758391088629,0.3310964840130919,207667125.0,2.903127722409294,1.90619981284679,770880.0,21,0.19967671389179423,0.0,962,0
PAN,2012,41595439700.0,11064.8063606203,9.62729346439019,0.055064855050390986,3759256.0,0.05255333654392082,1.76451937667994,74340.0,8,0.07606731957782638,1.0,962,0
PAR,2012,33271921136.315,5642.1699167298,-0.708043112316886,0.044046018694189344,5897008.0,0.08243850539207584,1.40686361602641,397300.0,8,0.07606731957782638,0.0,962,0
PER,2012,192650021648.583,6519.37852981527,6.13972470560435,0.2550338593375636,29550366.0,0.4131057659797671,0.83691693370644,1280000.0,16,0.15213463915565276,0.0,962,0
PHI,2012,261920540962.63,2614.61644401308,6.89695171050985,0.3467355250202396,100175512.0,1.4004253489508507,1.94226237851608,298170.0,11,0.10459256441951127,0.0,962,0
PLE,2012,12208400000.0,3067.43872735614,6.09645656326154,0.016161718237520956,3979998.0,0.05563924732397363,2.46768715003228,6020.0,5,0.047542074736141485,0.0,962,0
PLW,2012,214928296.875,12098.4124331551,2.06132919740671,0.0002845262749716594,17765.0,0.00024834967975119373,-1.74654999032287,460.0,5,0.047542074736141485,0.0,962,0
PNG,2012,21295168665.7247,2635.0873631547,4.65711959686239,0.028190959978041982,8081390.0,0.11297554846296085,2.7860490568137,452860.0,8,0.07606731957782638,0.0,962,0
POL,2012,498148649702.66,13087.420943321,1.51178167644575,0.65945890672782,38063164.0,0.5321122763702317,-0.0002390760032983,306220.0,210,1.9967671389179424,10.0,962,10
POR,2012,216536676771.973,20593.4274224109,-4.05090267621935,0.2866554796761064,10514844.0,0.1469945477080642,-0.405421787747567,91590.0,76,0.7226395359893506,2.0,962,1
PUR,2012,101564800000.0,27742.024476618,0.0292751500944064,0.13445346486436952,3661045.0,0.05118037451757438,-0.881614530044632,8870.0,25,0.23771037368070744,0.0,962,2
QAT,2012,186833502362.637,108470.378825036,4.62623675511804,0.24733383756382044,1722438.0,0.024079196492613936,5.83800010216327,11610.0,12,0.11410097936673956,0.0,962,2
ROU,2012,179117323107.087,8929.95366231474,1.90361696799603,0.23711900883946643,20058035.0,0.28040566105759834,-0.445177936198383,230020.0,105,0.9983835694589712,8.0,962,9
RSA,2012,434400545085.811,8076.97678479741,2.39623238465745,0.575067921423151,53782567.0,0.7518650881309946,1.47479434391075,1213090.0,124,1.1790434534563088,1.0,962,6
RUS,2012,2208293553878.42,15401.8515625,4.0240861571798,2.923382114242393,143378447.0,2.0043901714423584,0.251575708072649,16376870.0,429,4.07911001236094,72.0,962,82
RWA,2012,7556673275.95438,697.760143509565,8.64150815708138,0.010003671594883782,10829901.0,0.1513989555354423,2.39380128171382,24670.0,7,0.06655890463059808,0.0,962,0
SAM,2012,773141661.165548,3934.60320799981,-3.73213020890266,0.0010235000233811545,196498.0,0.0027469865112158772,0.912557360248924,2830.0,8,0.07606731957782638,0.0,962,0
SEN,2012,17660870411.5235,1326.83798848379,4.00299555090457,0.023379805004784707,13310495.0,0.1860769586591537,2.67702425205872,192530.0,31,0.2947608633640772,0.0,962,0
SEY,2012,1089407839.19709,12337.1554669388,3.1106784939243,0.0014421793636225802,88303.0,0.001234450986269049,0.980980190128322,460.0,6,0.05705048968336978,0.0,962,0
SGP,2012,295092888076.589,55547.5553077786,4.43549759378537,0.39064972567987116,5312437.0,0.07426636800722726,2.45339033031018,706.0,23,0.21869354378625086,1.0,962,2
SKN,2012,824585185.185185,17532.0559008608,-0.737636737448398,0.001091601964696193,47033.0,0.0006575080488453642,0.313035956599999,260.0,4,0.03803365978891319,0.0,962,0
SLE,2012,6141666509.36295,937.504428180231,10.578331663387,0.008130458015230733,6551080.0,0.0915822471164903,2.53259491687101,72180.0,2,0.019016829894456595,0.0,962,0
SLO,2012,46167053954.3367,22442.1417859955,-2.91553782040462,0.0611168472417694,2057159.0,0.028758501483100808,0.210024305900448,20145.7,65,0.6180469715698393,5.0,962,4
SMR,2012,1604701051.17188,47945.8917557105,-7.04453441295546,0.002124334576561517,33469.0,0.0004678871619247229,2.56940400817854,60.0,4,0.03803365978891319,0.0,962,0
SOL,2012,1185217634.37393,2066.25738638356,2.46591837712438,0.0015690142407598531,573606.0,0.00801884978347105,3.668421041016,27990.0,4,0.03803365978891319,0.0,962,0
SOM,2012,4364670159.99578,350.261946720512,6.69435192556698,0.00577803555957925,12461160.0,0.1742034953745221,0.905528519522503,627340.0,2,0.019016829894456595,0.0,962,0
SRB,2012,45103269969.4112,6263.04086072815,-0.443956070983248,0.05970858923662924,7201497.0,0.10067489297377889,-0.485136859373739,87460.0,116,1.1029761338784825,3.0,962,4
SRI,2012,70447216891.3366,3327.77612404326,8.6321813769906,0.09325940090554939,21169458.0,0.29594304051822945,0.760628047767682,62710.0,7,0.06655890463059808,0.0,962,0
STP,2012,229371348.441006,1210.7926479817,2.94294277416023,0.0003036462685744063,189439.0,0.0026483036860335705,2.02092788368455,960.0,2,0.019016829894456595,0.0,962,0
SUD,2012,37632919966.6667,1019.22210693359,-17.0046884048945,0.04981919407591853,36923178.0,0.516175594241279,2.14168968629865,1868000.0,6,0.05705048968336978,1.0,962,0
SUI,2012,697882536676.898,87269.5594780124,1.12413575027705,0.92387052526608,7996861.0,0.11179385693018919,1.06181932886789,39512.028,98,0.9318246648283731,7.0,962,4
SUR,2012,4980000000.0,8851.24050668908,2.69034974668847,0.0065926212134968035,562633.0,0.007865450344354256,1.1375560373964,160507.61,5,0.047542074736141485,0.0,962,0
SVK,2012,94724394278.052,17516.9691054078,1.56917104702706,0.1253980022395825,5407579.0,0.07559642628084888,0.170183855326072,48088.0,47,0.4468955025197299,6.0,962,4
SWE,2012,549739674655.127,57749.5615420853,-0.414397702454409,0.7277561126570725,9519374.0,0.13307815842003037,0.739763272434863,407339.7,133,1.2646191879813635,5.0,962,8
SWZ,2012,4747813067.26006,4224.54789174487,4.09048190124592,0.006285247619465061,1123863.0,0.01571128714518524,0.537986822820009,17200.0,3,0.02852524484168489,0.0,962,0
SYR,2012,43190318032.5627,1897.66115018696,-26.338904668983,0.05717618612031052,22759763.0,0.3181750550105864,-0.518583748688814,183630.0,10,0.09508414947228297,0.0,962,0
TAN,2012,39650394362.9287,861.969909667969,4.50015356010131,0.05248996606436905,47374260.0,0.6622787672079812,2.8799437394168,885800.0,6,0.05705048968336978,0.0,962,0
TGA,2012,471122971.305043,4384.17058724217,0.919761024923076,0.000623681786102665,107460.0,0.001502260432652028,-0.102311314323862,720.0,3,0.02852524484168489,0.0,962,0
THA,2012,397558325278.579,5725.52802835463,7.24279620249642,0.526295471653378,69436098.0,0.9706970279466648,0.619591346751357,510890.0,37,0.351811353047447,4.0,962,3
TJK,2012,7633036903.07634,952.452819695469,7.49999946321525,0.010104763255145586,8014084.0,0.11203462960310528,2.39042338057157,139960.0,16,0.15213463915565276,2.0,962,1
TKM,2012,35164210526.3158,6053.8748468749,11.0508311776258,0.046551068327642005,5808546.0,0.08120183163073894,2.17776450077759,469930.0,10,0.09508414947228297,0.0,962,0
TLS,2012,1160555000.0,1022.61903188429,4.86062186827468,0.0015363653639417236,1134885.0,0.01586537159045502,2.19848397897983,14870.0,2,0.019016829894456595,0.0,962,0
TOG,2012,5413541649.14901,813.611525037432,6.30271426865185,0.007166552111712496,6653718.0,0.09301709735180147,2.32840848204104,54390.0,6,0.05705048968336978,1.0,962,0
TTO,2012,27147349937.4689,20332.1389531925,6.71074625448722,0.035938191784734654,1335194.0,0.018665634804712374,0.538824146577348,5130.0,25,0.23771037368070744,2.0,962,4
TUN,2012,47311401812.6733,4297.26782454273,4.21667711535632,0.06263175727520102,11009647.0,0.15391175382064118,1.12911133130148,155360.0,83,0.7891984406199487,1.0,962,3
TUR,2012,885327622479.052,11776.7593362033,4.80762696633448,1.1720139889257204,75175827.0,1.050936817364545,1.27471801981307,769630.0,112,1.0649424740895692,7.0,962,5
TUV,2012,38912985.1801769,3558.89749224226,-2.8527626821171,5.151376939343794e-05,10934.0,0.0001528542301378864,1.41846349919564,30.0,3,0.02852524484168489,0.0,962,0
UAE,2012,392793559050.783,53141.6251661086,4.68325642918792,0.5199877811090565,7391448.0,0.10333035427512532,3.95899214220379,71020.0,26,0.2472187886279357,0.0,962,0
UGA,2012,27305915910.7877,795.222867553127,3.83745560605229,0.03614810451554596,34337438.0,0.48002767975099747,2.90422608403173,200520.0,15,0.14262622420842447,0.0,962,1
UKR,2012,182591753827.949,3951.34228515625,0.152314967200653,0.24171852805134997,46210056.0,0.6460035242828442,-0.211412120058561,579320.0,230,2.186935437862508,27.0,962,20
URU,2012,54232266358.7811,16259.5940814256,3.53817872056869,0.07179373286202997,3335401.0,0.046627963421998944,0.257451630638359,175020.0,27,0.256727203575164,0.0,962,0
USA,2012,16253970000000.0,51708.3940614082,2.28911339009767,21.51732277621298,314339099.0,4.394371774271251,0.79838290137163,9147420.0,530,5.039459922030998,110.0,962,103
UZB,2012,75318846931.3239,2573.95586785056,7.35682138899483,0.09970855985051497,29261903.0,0.4090731347571345,1.51059514364954,435800.0,53,0.5039459922030998,6.0,962,3
VAN,2012,747839697.746593,3004.78416664293,1.01004768692017,0.0009900047902930173,248883.0,0.003479314007628277,2.19727458776971,12190.0,5,0.047542074736141485,0.0,962,0
VEN,2012,371846610182.327,12582.0125686037,5.67986230636832,0.49225780129616176,29553826.0,0.41315413580199845,1.25510683013417,882050.0,68,0.6465722164115242,1.0,962,1
VIE,2012,195590661129.249,2185.11767654291,5.5045447041189,0.2589267352856529,89510356.0,1.2513294819597716,1.1709874078049,313457.0,18,0.17115146905010936,1.0,962,0
VIN,2012,730032592.592593,6713.80768643865,1.16911218376478,0.0009664313968815257,108736.0,0.0015200985520644975,-0.562167608407819,390.0,3,0.02852524484168489,0.0,962,0
YEM,2012,35401331609.5916,1245.05068272078,2.39299021364694,0.04686497384647159,28433647.0,0.3974943499357439,3.03772906888376,527970.0,4,0.03803365978891319,0.0,962,0
ZAM,2012,25503060420.026,1710.05061343728,7.59738104901994,0.033761449223725724,14913629.0,0.2084883189461365,3.24260026203654,743390.0,7,0.06655890463059808,0.0,962,0
ZIM,2012,17123500000.0,1239.22709745709,16.6654290410337,0.022668423564118977,13817887.0,0.1931701554341786,1.62306467591426,386850.0,7,0.06655890463059808,4.0,962,0
AFG,2016,18116572395.0772,522.082215583898,2.26031420279821,0.023676428453527406,34700612.0,0.4623842510250049,2.53571991833963,652230.0,3,0.026836031845424456,1.0,973,0
ALB,2016,11988668784.6628,4457.63412207495,3.90893551362245,0.015667911818144812,2689469.0,0.03583706561774671,-1.54313470861992,27400.0,6,0.05367206369084891,0.0,973,0
ALG,2016,180763839522.151,4424.98529027556,3.90000000017621,0.236239064437712,40850721.0,0.5443342046364036,2.05569111181654,2381741.0,64,0.5725020127023884,1.0,973,2
AND,2016,2896610479.86771,40129.8192026671,3.70967806978986,0.0037855610481241516,72181.0,0.0009618089047892262,0.0096983131938399,470.0,4,0.03578137579389928,0.0,973,0
ANG,2016,60770049747.3832,2082.37343594705,-0.233076954805284,0.07941997545585323,29183070.0,0.3888632270969829,3.57644143982026,1246700.0,26,0.23257894266034532,0.0,973,0
ANT,2016,1489603703.7037,16556.8551801588,4.1203675438061,0.001946753212789499,89969.0,0.001198833285144039,0.624381829779871,440.0,8,0.07156275158779855,0.0,973,0
ARG,2016,557532320662.955,12699.9623137756,-2.08032784377811,0.7286352966134189,43900313.0,0.5849698946597336,0.968911125580978,2736690.0,215,1.923248948922086,4.0,973,4
ARM,2016,10546136235.5219,3524.42476874707,0.199999999825991,0.013782675585440017,2992300.0,0.03987227644117983,-0.410212518071397,28470.0,31,0.27730566240271937,3.0,973,4
ARU,2016,2983637430.1676,27441.5502144601,1.23433537363427,0.0038992959929785064,108727.0,0.0014487828762557763,0.75796755862231,180.0,7,0.06261740763932373,0.0,973,0
ASA,2016,671000000.0,12843.3342903627,-1.67938931297709,0.0008769254550951269,52245.0,0.0006961625113355747,-1.20431808595042,200.0,4,0.03578137579389928,0.0,973,0
AUS,2016,1211588128417.61,50084.4440606385,2.75564065529868,1.5834164991065065,24190907.0,0.3223428570888187,1.56194049810399,7692020.0,420,3.757044458359424,35.0,973,29
AUT,2016,393687359770.273,45061.4993920192,2.11721964494312,0.5145074025808429,8736668.0,0.11641574764255246,1.08139629872802,82520.0,71,0.6351194203417122,0.0,973,1
AZE,2016,37866996882.9157,3880.6852276838,-3.06359842251706,0.049488127383959184,9757812.0,0.13002245013035518,1.11785721013911,82670.0,56,0.5009392611145899,10.0,973,18
BAH,2016,11880900000.0,30616.5363157284,-1.15650811269629,0.01552706950736169,388055.0,0.005170817175544577,0.700545015838571,10010.0,29,0.2594149745057697,1.0,973,2
BAN,2016,265224515675.034,1649.28380858601,7.11347821270093,0.3466201626091115,160811932.0,2.142812487967187,0.892432416039535,130170.0,7,0.06261740763932373,0.0,973,0
BAR,2016,5679029450.0,20311.4094163764,1.41632446821541,0.007421885968613828,279598.0,0.003725632038365471,0.217691837314076,430.0,11,0.098398783433223,0.0,973,0
BDI,2016,2618093125.14687,232.937812100153,3.20017470408993,0.003421568562221822,11239451.0,0.1497652298630134,1.72186004024144,25680.0,9,0.08050809553627337,0.0,973,1
BEL,2016,474271566739.729,41854.5498296444,1.19350273007754,0.619822368855314,11331422.0,0.150990739717163,0.506300002451376,30333.0,104,0.9303157706413813,3.0,973,6
BEN,2016,11821065853.3838,1010.5338961993,3.33967342629693,0.015448872657508278,11697842.0,0.15587327139299,2.92460216679542,112760.0,6,0.05367206369084891,0.0,973,0
BER,2016,6899911000.0,108747.356144305,-0.657206304259205,0.009017447978823952,63449.0,0.0008454553580578214,-0.0236382404794606,54.0,8,0.07156275158779855,0.0,973,0
BHU,2016,2357504760.78592,3152.30905106786,8.47594339232963,0.0030810073550538324,747866.0,0.009965284193750423,0.973884473914115,38144.0,2,0.01789068789694964,0.0,973,0
BIH,2016,17116926553.8513,4928.5665903114,3.24225822231566,0.022369997925582585,3473003.0,0.046277624468484733,-1.30267774814121,51200.0,11,0.098398783433223,0.0,973,0
BIZ,2016,2239604950.0,6140.86713919469,-0.0187414958130319,0.002926924873341355,364705.0,0.004859679370210371,2.32231207163985,22810.0,3,0.026836031845424456,0.0,973,0
BLR,2016,47723545321.259,5039.77560949445,-2.5264464460425,0.06236958524530249,9469379.0,0.12617909207442538,0.0877210878706449,202988.0,120,1.0734412738169783,12.0,973,9
BOL,2016,33941126193.9219,3035.87347732132,4.26392086992173,0.044357432986655884,11180020.0,0.14897331419240029,1.48970583998181,1083300.0,12,0.10734412738169782,0.0,973,0
BOT,2016,15082637184.0496,6749.05994339013,7.20442475914267,0.019711398623930523,2234776.0,0.02977829978816098,1.41970172619868,566730.0,12,0.10734412738169782,1.0,973,0
BRA,2016,1795693482853.01,8836.28652735657,-3.27591690782192,2.346779917529403,203218114.0,2.7078731474996482,0.761972670496742,8358140.0,462,4.132748904195367,17.0,973,19
BRN,2016,11400266044.6651,26663.2972950602,-2.47791771833224,0.014898932174997714,427564.0,0.005697273002137691,1.25964272152269,5270.0,33,0.295196350299669,1.0,973,2
BRU,2016,11400266044.6651,26663.2972950602,-2.47791771833224,0.014898932174997714,427564.0,0.005697273002137691,1.25964272152269,5270.0,3,0.026836031845424456,0.0,973,0
BUL,2016,53932152153.5457,7822.89886431732,3.02662820096305,0.07048357238674768,6894139.0,0.09186412326034123,-1.29824041616821,108560.0,51,0.45621254137221573,2.0,973,3
BUR,2016,12833363045.3367,663.742364842886,5.95797670754024,0.01677183715191188,19334856.0,0.25763617397400146,2.92508251378454,273600.0,5,0.04472671974237409,0.0,973,0
CAF,2016,1825018144.65595,387.176203444318,4.75031684122342,0.002385104123784327,4713663.0,0.06280936877537716,1.80553237158984,622980.0,6,0.05367206369084891,0.0,973,0
CAM,2016,26556545153.3573,1675.19555711109,7.90550116130704,0.034706572942417496,15852803.0,0.21123795862165057,1.45860767566845,176520.0,6,0.05367206369084891,0.0,973,0
CAN,2016,1527996250640.92,42314.1033623905,1.03855091989323,1.9969281780580277,36110803.0,0.4811749890482191,1.13153974027004,8965590.0,310,2.773056624027194,18.0,973,22
CAY,2016,4909322237.28895,77802.2541567187,3.23997433895669,0.006415960711092757,63100.0,0.0008408049471772374,2.33773131582921,240.0,5,0.04472671974237409,0.0,973,0
CGO,2016,10931328150.8478,2093.10728558843,-8.68524343913786,0.014286080347952876,5222536.0,0.06959008091301458,2.42169941927317,341500.0,10,0.08945343948474818,0.0,973,0
CHA,2016,13026289835.7789,861.831767630746,-4.12250332637034,0.017023971896335977,15114655.0,0.20140216638474115,3.13868697646131,1259200.0,2,0.01789068789694964,0.0,973,0
CHI,2016,249344863928.438,13649.8520452803,1.753038749071,0.3258671509330522,18267221.0,0.2434099807920748,1.2094154366484,742286.76,42,0.37570444583594237,0.0,973,0
CHN,2016,11456024084962.0,8254.86859320357,6.7736886867727,14.971801988503783,1387790000.0,18.492245604486502,0.573050906069647,9388210.0,392,3.5065748278021287,88.0,973,70
CIV,2016,48407761036.8238,1862.59597081287,7.17275963956332,0.06326378223152439,25989405.0,0.34630777017738235,2.90076810314127,318000.0,12,0.10734412738169782,0.0,973,2
CMR,2016,33814337044.3765,1441.7201725688,4.53579423678801,0.04419173308700428,23454161.0,0.3125257464451889,2.98933225067819,472710.0,22,0.196797566866446,0.0,973,0
COD,2016,38600224214.4728,459.765036590388,0.393832798154563,0.0504463773264538,83956415.0,1.1187158332688625,3.54100823238224,2267050.0,4,0.03578137579389928,0.0,973,0
COL,2016,282720100286.228,5959.84250367574,2.08738250162794,0.369485026241491,47437512.0,0.6321029282310549,0.990548549326914,1109500.0,143,1.279184184631899,8.0,973,8
COM,2016,1012835493.19325,1365.48403444497,3.3204465548877,0.0013236679967287455,741741.0,0.009883668816548197,2.05111578193354,1861.0,4,0.03578137579389928,0.0,973,0
CPV,2016,1849789985.99572,3608.96605234906,4.28071482662371,0.002417478279135179,512554.0,0.006829761313716033,0.0312210963482392,4030.0,5,0.04472671974237409,0.0,973,0
CRC,2016,58847019587.626,12091.0301560892,4.20432320775184,0.07690678007879401,4866998.0,0.06485255144693691,1.01105286688192,51060.0,11,0.098398783433223,0.0,973,0
CRO,2016,52650804052.1394,12820.1872746645,3.46613146011039,0.06880898704105319,4106867.0,0.0547238366243889,-1.08634598144505,55964.0,85,0.7603542356203595,6.0,973,10
CUB,2016,91370407900.0,8110.55874283616,0.512843095700745,0.11941138081957509,11265612.0,0.15011382412962365,-0.0838750367097098,104040.0,117,1.046605241971554,14.0,973,11
CYP,2016,21046452117.3759,24280.044921875,6.57359080924678,0.0275054688541992,1237112.0,0.016484467350433067,1.43370522557944,9240.0,15,0.1341801592271223,1.0,973,0
CZE,2016,198160659303.939,18753.9686718096,2.58087013921376,0.2589748529687885,10566332.0,0.14079594642024015,0.192048415842684,77210.0,104,0.9303157706413813,10.0,973,10
DEN,2016,312181849372.233,54500.9260410217,3.07304549209093,0.40798839095854517,5728010.0,0.07632550151316461,0.780392644135167,40000.0,119,1.0644959298685035,9.0,973,15
DJI,2016,2604955228.70117,2510.4300076241,7.1234323372872,0.003404398732386295,1037653.0,0.013826684244901773,1.68519891610854,23180.0,7,0.06261740763932373,0.0,973,0
DMA,2016,612711111.111111,8802.56172041363,1.44724556489263,0.0008007480923292877,69606.0,0.0009274971339654324,-1.14845280097172,750.0,2,0.01789068789694964,0.0,973,0
DOM,2016,75552902635.7075,7160.44200982307,6.71974078681295,0.09873958796956128,10551430.0,0.14059737787312707,1.11122425240832,48310.0,26,0.23257894266034532,2.0,973,1
ECU,2016,97671433000.0,5917.63771271481,-0.687954245877947,0.12764614878288855,16505139.0,0.21993030943023706,1.45809147770557,248360.0,37,0.3309777260935683,0.0,973,0
EGY,2016,332441717791.411,3270.6287768197,4.34664345601914,0.4344658787881354,101644589.0,1.354410036212314,2.03468294927084,995450.0,121,1.082386617765453,2.0,973,3
ESA,2016,24191430000.0,3901.34014965811,2.53906241135864,0.03161561961572565,6200800.0,0.08262540913560401,0.276539934558171,20720.0,8,0.07156275158779855,0.0,973,0
ESP,2016,1243015667917.12,26755.6061149398,2.91515598595787,1.6244889422929862,46458139.0,0.6190528226283321,0.0771658726133905,499564.0,307,2.7462205921817695,17.0,973,17
EST,2016,24561027787.7896,18666.3736521706,3.09301920751959,0.03209864451626148,1315790.0,0.017532848517374598,0.0291122255540077,43470.0,46,0.41148582162984165,2.0,973,1
ETH,2016,68475871209.607,641.651523286233,9.43348265981905,0.0894906624791653,106718162.0,1.4220151911768917,2.70788250761242,1128558.5,37,0.3309777260935683,7.0,973,8
FIJ,2016,4930213644.36653,5363.79026679243,2.44565202449249,0.0064432635526115115,919166.0,0.01224784976350416,0.0639915048086223,18270.0,53,0.47410322926916537,0.0,973,1
FIN,2016,238777818792.608,43451.2562442158,2.57193414898754,0.3120571496443063,5495303.0,0.07322469015274032,0.287421401687637,303910.0,54,0.48304857321764016,3.0,973,1
FRA,2016,2470407619777.13,37024.2157133669,0.860031075424033,3.2285593535671073,66724104.0,0.8890959863576624,0.263868788565368,538950.0,392,3.5065748278021287,35.0,973,42
FSM,2016,327000000.0,2997.93719917488,1.26050420168067,0.0004273541338541081,109075.0,0.0014534199621768172,0.329674160226437,700.0,5,0.04472671974237409,0.0,973,0
GAB,2016,14023890265.3665,6677.07003901644,2.09144220829562,0.01832772928936012,2100306.0,0.027986492478384067,2.86485541015556,257670.0,6,0.05367206369084891,1.0,973,0
GAM,2016,1484578885.97132,650.056501323611,1.94335965478776,0.0019401863117809483,2283769.0,0.030431129531062,2.62819405087404,10120.0,4,0.03578137579389928,0.0,973,0
GBR,2016,2706807606538.73,41258.5374285695,2.20652020635357,3.5375089302815605,65606000.0,0.874197295792549,0.794231868922694,241930.0,360,3.220323821450935,65.0,973,67
GBS,2016,1245074264.10396,679.665386626818,5.4326782650304,0.00162717930801281,1831893.0,0.02440990011250952,2.51155296505032,28120.0,5,0.04472671974237409,0.0,973,0
GEO,2016,15444548901.9637,4143.40125686315,3.45021517996871,0.020184378650660896,3727505.0,0.04966885332215354,0.0598165991047394,69490.0,40,0.3578137579389927,7.0,973,7
GEQ,2016,11240808847.8878,7453.19797948517,-8.81641723219757,0.014690538620821668,1508186.0,0.020096517433652122,3.66421838047825,28050.0,1,0.00894534394847482,0.0,973,0
GER,2016,3536787895179.0,42948.9381932694,2.22222216259371,4.622204671467632,82348669.0,1.0972926828630871,0.807218538573871,349360.0,418,3.739153770462474,44.0,973,42
GHA,2016,56144179397.8516,1912.47991339951,3.37346574966936,0.0733744561392004,29356742.0,0.3911773994707731,2.27621203911157,227540.0,13,0.11628947133017266,0.0,973,0
GRE,2016,193097239005.87,17919.2426377048,-0.0317947678412054,0.25235750252285405,10775971.0,0.14358937761392143,-0.415913028277122,128900.0,92,0.8229716432596833,2.0,973,6
GRN,2016,1061640740.74074,9221.23461079424,3.7396039558691,0.0013874512514479899,115130.0,0.0015341025922110197,0.39511639438688,340.0,6,0.05367206369084891,1.0,973,1
GUA,2016,66053408205.8838,4060.13784737643,2.6778031930216,0.08632476162671958,16268760.0,0.21678056881837007,1.84256060230578,107160.0,21,0.18785222291797118,1.0,973,0
GUI,2016,8595955222.49719,711.996509782316,10.82062719659,0.011233996938100867,12073030.0,0.16087263631409193,2.56690869267138,245720.0,5,0.04472671974237409,0.0,973,0
GUM,2016,5901000000.0,35930.6594898711,0.18198362147406,0.0077119778100094545,164233.0,0.0021883980806617943,-0.408339926567039,540.0,5,0.04472671974237409,0.0,973,0
GUY,2016,4482697336.56174,5870.87823759835,3.80745626378814,0.005858407454423424,763548.0,0.010174246209307214,0.626279284065059,196850.0,6,0.05367206369084891,0.0,973,0
HAI,2016,14069277526.2278,1318.40268167953,1.81246807847532,0.018387045599920947,10671457.0,0.14219673279222123,1.39862723308259,27560.0,10,0.08945343948474818,0.0,973,0
HKG,2016,320860317562.562,43734.1980702999,2.17544820327555,0.4193302235477149,7336600.0,0.09775989818479429,0.619366345332479,1050.0,37,0.3309777260935683,1.0,973,0
HON,2016,21717604952.1835,2307.34468351082,3.89297219726413,0.02838259404809195,9412380.0,0.1254195827054213,1.87756675968273,111890.0,23,0.20574291081492083,0.0,973,0
HUN,2016,128983560865.293,13215.8605277789,2.43864141309342,0.16856776126913126,9759755.0,0.13004834052674769,-0.388598014975531,91260.0,154,1.3775829680651221,18.0,973,15
INA,2016,931877364037.698,3521.46943457574,5.03306918280177,1.217864354026238,264627418.0,3.526149638877,1.0744882002252,1877519.0,28,0.25046963055729493,2.0,973,3
IND,2016,2294796885663.16,1707.50892912243,8.25630550176662,2.9990548484516344,1343944296.0,17.908003372542463,1.19162966402099,2973190.0,112,1.0018785222291797,6.0,973,2
IRI,2016,478618064870.999,5710.59947089104,8.8150866425182,0.625502778470566,83812228.0,1.116794547327204,1.43348558597155,1628760.0,63,0.5635566687539135,12.0,973,8
IRL,2016,305431252708.748,64129.5571542383,1.22271661130947,0.3991660808970098,4762722.0,0.06346307796560802,1.28405485082411,68890.0,76,0.6798461400840863,5.0,973,2
IRQ,2016,166743557747.671,4334.42096404188,13.7873730187089,0.21791605106118772,38469627.0,0.5126062234177975,2.39151227352058,434128.0,20,0.17890687896949636,0.0,973,0
ISL,2016,21083713310.457,62854.0906407932,6.21808764670307,0.027554165260607586,335439.0,0.004469711104218468,1.38808149583838,100250.0,8,0.07156275158779855,0.0,973,0
ISR,2016,321083954798.337,37571.2561196275,4.53601939236572,0.4196224935697091,8546000.0,0.1138751042563656,1.9603489624817,21640.0,47,0.4204311655783165,0.0,973,2
ISV,2016,3798000000.0,35324.9748874586,1.6008537886873,0.004963581040911017,107516.0,0.0014326463502489359,-0.182132486647949,350.0,7,0.06261740763932373,0.0,973,0
ITA,2016,1887111188176.93,31391.5692898108,1.23622108511661,2.466253111038987,60115223.0,0.8010329144067012,-0.190090486385849,295718.0,309,2.764111280078719,28.0,973,28
JAM,2016,14898999754.1229,5302.29553353854,2.76043761369557,0.019471404083228627,2809915.0,0.037442003694889495,0.263022586225724,10830.0,56,0.5009392611145899,12.0,973,11
JOR,2016,43688498732.3944,4366.06999647268,2.11166806967252,0.05709620958767189,10006367.0,0.13333443544962045,4.72325254401232,88780.0,8,0.07156275158779855,0.0,973,1
JPN,2016,5110357383254.44,40214.9688631562,0.704986495111257,6.678692211638067,127076000.0,1.693282558914336,-0.0511374152133631,364500.0,335,2.9966902227390646,38.0,973,41
KAZ,2016,137278320084.171,7475.56688689424,1.09999999910173,0.1794081271453147,18363600.0,0.2446942270678909,1.53335297365685,2699700.0,101,0.9034797387959568,13.0,973,18
KEN,2016,74815144163.8931,1554.12610314423,4.21351706814744,0.09777541630988,48139687.0,0.641459381698316,2.20775684612709,573052.1,79,0.7066821719295107,11.0,973,13
KGZ,2016,6813095379.1187,1103.27489428412,4.33585592190116,0.008903989218986845,6175338.0,0.08228612901571453,2.21536456642779,191800.0,19,0.16996153502102157,0.0,973,0
KIR,2016,206467818.503227,1742.66799324117,7.08803465778669,0.00026983142429722864,118478.0,0.0015787145567617233,1.41358025249878,810.0,3,0.026836031845424456,0.0,973,0
KOR,2016,1579150518945.44,30832.0628072516,3.17152748983935,2.0637813524440176,51217803.0,0.6824751528676569,0.396851823381145,97489.0,207,1.8516861973342875,28.0,973,21
KSA,2016,689279466666.667,22267.7217050387,1.70404739202878,0.9008147689931347,30954198.0,0.4124634360428486,3.74506540506437,2149690.0,10,0.08945343948474818,1.0,973,0
LAO,2016,15912501722.6143,2303.22156035363,7.02283625501138,0.020795943092109595,6908802.0,0.09205950714212348,1.56317561333482,230800.0,5,0.04472671974237409,0.0,973,0
LAT,2016,27117105059.5075,13838.5266823272,2.55168601974034,0.03543916497044856,1959537.0,0.02611075124844441,-0.913885332226604,62227.0,32,0.2862510063511942,2.0,973,0
LBA,2016,49912073701.298,7525.80299308216,-1.4909411172622,0.06522975848770829,6632126.0,0.0883728106355433,1.52399514586306,1759540.0,7,0.06261740763932373,0.0,973,0
LBR,2016,3398419600.0,714.613063145659,-1.5549586174878,0.004441372063091207,4755608.0,0.06336828420341754,2.04312155500225,96320.0,2,0.01789068789694964,0.0,973,0
LCA,2016,1868544444.44444,10638.1269396653,3.42787214525211,0.0024419883566466644,175646.0,0.002340475843928574,0.422763651310013,610.0,5,0.04472671974237409,0.0,973,0
LES,2016,2114426452.2019,992.491840678465,3.60890731687714,0.002763329923788861,2130422.0,0.028387786959987706,1.21894302061673,30360.0,8,0.07156275158779855,0.0,973,0
LIB,2016,51147308774.1294,8089.012088155,1.55454940856943,0.06684407902182475,6323060.0,0.0842545186893582,-2.33543749400836,10230.0,9,0.08050809553627337,0.0,973,0
LTU,2016,42970749245.0336,14934.2702840428,2.67192215053329,0.05615818753722753,2877325.0,0.03834023921769801,-1.16730651563847,62642.0,67,0.5993380445478129,5.0,973,4
LUX,2016,62216885435.9488,106899.293549552,4.97819047122638,0.08131083543296688,582014.0,0.007755313003588156,2.15531198799205,2574.46,10,0.08945343948474818,0.0,973,0
MAD,2016,11848613858.442,453.970714522463,3.99314606199499,0.015484874962832606,26099952.0,0.3477808044800068,2.61335935661539,581800.0,6,0.05367206369084891,0.0,973,0
MAR,2016,111572947004.917,3140.85546875,0.52118550608968,0.1458139453481242,35023457.0,0.46668614758873606,1.19450726277516,446300.0,48,0.4293765095267913,1.0,973,1
MAS,2016,301256033870.334,9476.53409809923,4.44978139761541,0.3937095150549861,31789685.0,0.42359626651673554,1.76731054757933,328550.0,32,0.2862510063511942,2.0,973,5
MAW,2016,7909868618.46366,450.506105510719,2.49999999914311,0.010337354900132502,17557739.0,0.2339561618454314,2.72595787740448,94280.0,5,0.04472671974237409,0.0,973,0
MDA,2016,7980917075.7748,2847.08794770479,4.64601436259409,0.01043020765834618,2803186.0,0.03735234004212316,-1.16302237797705,32880.0,23,0.20574291081492083,2.0,973,0
MDV,2016,4409942623.85538,9947.80744731739,6.37528306716864,0.00576332480233648,443308.0,0.005907061165186161,3.47818441091268,300.0,4,0.03578137579389928,0.0,973,0
MEX,2016,1112233497452.7,9097.92397674769,1.7724932254128,1.4535705900532843,122251351.0,1.6289943061790952,0.969124204799117,1943950.0,123,1.1002773056624027,7.0,973,5
MGL,2016,11181350649.3573,3619.90026383792,1.48978448679577,0.014612833095031065,3088856.0,0.04115888123483506,2.02736957640078,1557255.4,43,0.3846497897844172,5.0,973,2
MHL,2016,201800000.0,4229.80988911945,2.5040827436037,0.0002637310832163884,47709.0,0.0006357204948475248,-2.26102535172131,180.0,5,0.04472671974237409,0.0,973,0
MKD,2016,10672467073.2873,5598.48622617967,2.84820519363306,0.01394777652046233,1906313.0,0.025401543601716023,-0.320367473371963,25220.0,6,0.05367206369084891,0.0,973,0
MLI,2016,16743796799.8329,872.468587171653,6.00506308559498,0.02188235712177913,19191289.0,0.25572314950725983,3.16701291267986,1220190.0,6,0.05367206369084891,0.0,973,0
MLT,2016,12025777078.0922,26459.0644285369,4.07800422216982,0.01571640840101125,454505.0,0.006056260737191605,2.28889794467689,320.0,7,0.06261740763932373,0.0,973,0
MNE,2016,4357467226.269,6968.01202883651,3.4393056210999,0.005694745052843582,625353.0,0.008332803425231804,0.11231965238542,13450.0,35,0.31308703819661865,1.0,973,0
MON,2016,6471287668.59924,173604.669723126,3.00844358752744,0.008457282986345563,37276.0,0.0004967011919331015,1.40210042123736,2.027,3,0.026836031845424456,0.0,973,0
MOZ,2016,12069051237.1711,441.489734819071,4.69699024225795,0.01577296311285048,27337105.0,0.3642658181537812,2.93066434696089,786380.0,6,0.05367206369084891,0.0,973,0
MRI,2016,12757680846.5663,10095.1225574156,3.88576121076034,0.016672928587680384,1263747.0,0.016839377647866756,0.0687082325715694,1997.0,11,0.098398783433223,0.0,973,0
MTN,2016,6407900701.25829,1568.00551190332,1.26090922448303,0.008374442978621922,4086657.0,0.054454539192020396,2.99795842489143,1030700.0,2,0.01789068789694964,0.0,973,0
MYA,2016,63298361996.2153,1229.19713515893,5.86247291518572,0.08272420998555469,51495696.0,0.6861780658500012,0.792792538685626,652780.0,7,0.06261740763932373,0.0,973,0
NAM,2016,10722018732.0936,4395.68776162376,0.0337944502063294,0.01401253525511126,2439213.0,0.03250241454229842,2.69727890929136,823290.0,10,0.08945343948474818,0.0,973,0
NCA,2016,13286093388.4752,2131.68704828322,4.56314739524967,0.017363507438338262,6232666.0,0.08305002229640829,1.34468900607336,120340.0,5,0.04472671974237409,0.0,973,0
NED,2016,797163949289.885,46808.5291492503,2.42428065449427,1.0418082846743086,17030314.0,0.22692824505834813,0.532178879608489,33670.0,237,2.120046515788532,20.0,973,19
NEP,2016,24524109483.5293,877.256454696737,0.433113719381524,0.03205039622898159,27955462.0,0.3725054001620486,0.472697719209503,143350.0,7,0.06261740763932373,0.0,973,0
NGR,2016,404649125252.16,2070.4127339595,-1.61686894903467,0.5288332612751049,195443700.0,2.604279395477398,2.47183239057048,910770.0,71,0.6351194203417122,0.0,973,1
NIG,2016,10341025540.2322,499.910520068193,4.28137558478143,0.013514617776480558,20685753.0,0.27563682184605987,3.67426137513091,1266700.0,6,0.05367206369084891,0.0,973,1
NOR,2016,383284047619.048,73222.4006864905,1.29158732771135,0.500911382845061,5234519.0,0.06974975390322101,0.880969815359919,365145.73,62,0.5546113248054387,4.0,973,4
NRU,2016,97541943.0355053,8748.15632605428,4.13223140495909,0.0001274769192060707,11150.0,0.00014857329890691277,1.77348115445981,20.0,2,0.01789068789694964,0.0,973,0
NZL,2016,188980351890.848,40088.3205470499,3.7435247472109,0.2469771700237245,4714100.0,0.06281519178269754,2.24603210015584,263310.0,195,1.7443420699525896,13.0,973,18
OMA,2016,75128738621.5865,17110.1897460545,5.04642394571691,0.09818525082929597,4390877.0,0.05850825838425906,4.80473653238819,309500.0,4,0.03578137579389928,0.0,973,0
PAK,2016,313630000130.435,1424.69161195897,6.57383828511043,0.4098809695914552,220138869.0,2.9333415233154003,1.30216393815952,770880.0,7,0.06261740763932373,0.0,973,0
PAN,2016,59760858700.0,14832.3611608191,4.57196707937275,0.07810107036121174,4029086.0,0.05368740794615763,1.72866876171939,74120.0,10,0.08945343948474818,0.0,973,0
PAR,2016,36089700222.9461,5775.1596339946,4.26802583314583,0.04716539015239003,6249126.0,0.08326935113048971,1.45104639106418,397300.0,11,0.098398783433223,0.0,973,0
PER,2016,191898104390.379,6217.03599995447,3.95331871520767,0.2507903614372955,30866494.0,0.41129478379107,1.33357065112944,1280000.0,29,0.2594149745057697,0.0,973,0
PHI,2016,318627003016.731,2985.19564024046,7.14945675000752,0.41641151956191247,106735719.0,1.422249137491592,1.34190709540685,298170.0,13,0.11628947133017266,0.0,973,1
PLE,2016,15405400000.0,3527.61382413178,8.86461881995935,0.020133215210018582,4367088.0,0.05819127092168537,2.24610527580178,6020.0,6,0.05367206369084891,0.0,973,0
PLW,2016,303326125.0,17043.6660673147,1.66650688235592,0.00039641490343944315,17797.0,0.00023714430499070194,0.151826160128869,460.0,5,0.04472671974237409,0.0,973,0
PNG,2016,20758876952.6232,2316.39479758492,5.48957315278187,0.027129638776367874,8961718.0,0.11941452978775431,2.46804330802257,452860.0,8,0.07156275158779855,0.0,973,0
POL,2016,473259623976.262,12464.0121044827,3.03117767594847,0.6184998675611509,37970087.0,0.505949873127577,-0.04298513087435,306190.0,234,2.093210483943108,10.0,973,11
POR,2016,206305431241.638,19980.2808866516,2.00414129666575,0.2696192014607598,10325452.0,0.1375862301654691,-0.315459016997883,91605.6,90,0.8050809553627337,1.0,973,1
PUR,2016,104336700000.0,29978.0889268918,-1.26369434781117,0.1363569420724646,3480432.0,0.046376615592931325,-1.5604116086776,8870.0,40,0.3578137579389927,2.0,973,1
QAT,2016,151732181868.132,61253.6375482797,3.06419188430156,0.1982977833640659,2477113.0,0.033007430508986496,5.49972976958708,11490.0,37,0.3309777260935683,2.0,973,1
ROU,2016,185290759248.844,9404.54005870715,2.85993252302089,0.24215526584085564,19702267.0,0.26253191068473575,-0.573660845379617,230080.0,95,0.8498076751051078,9.0,973,4
RSA,2016,323585509674.481,5651.20585165749,0.664552307858116,0.4228917590662934,57259551.0,0.7629812005379926,0.940521897823675,1213090.0,135,1.2076214330441006,6.0,973,10
RUS,2016,1276786350881.14,8663.158203125,0.193671130698817,1.6686236241515502,145015460.0,1.9323251376415655,0.258751057379474,16376870.0,284,2.540477681366849,82.0,973,56
RWA,2016,8596812240.52305,721.258515833094,5.65874584202778,0.01123511696928172,11919183.0,0.15882263126324603,2.36997866838859,24670.0,7,0.06261740763932373,0.0,973,0
SAM,2016,843924796.697421,4147.07097674888,7.9838628784713,0.0011029197263933658,203499.0,0.0027116159420859055,0.847318414943751,2830.0,8,0.07156275158779855,0.0,973,0
SEN,2016,19040312333.1864,1266.43957151587,6.35606857208136,0.024883658059512433,15034521.0,0.2003343840767047,2.97843134010735,192530.0,22,0.196797566866446,0.0,973,0
SEY,2016,1568513348.14463,16566.9946042294,12.1175272453913,0.0020498797043882427,94677.0,0.0012615671946735229,1.33763477950025,460.0,10,0.08945343948474818,0.0,973,0
SGP,2016,320759207438.623,57204.0340105222,3.91095306322606,0.41919808339652265,5607283.0,0.0747168191223902,1.29743609938602,709.0,25,0.22363359871187047,2.0,973,1
SKN,2016,1006818518.51852,21387.5415511103,3.93270319273282,0.0013158044523845823,47075.0,0.0006272724704971228,-0.0254879889232652,260.0,6,0.05367206369084891,0.0,973,0
SLE,2016,6084297211.10217,844.416411175476,6.43743652764257,0.007951527720983282,7205328.0,0.0960107040956366,2.35457342669593,72180.0,4,0.03578137579389928,0.0,973,0
SLO,2016,44290685824.0682,21447.8377796036,3.03441486663654,0.05788320390871281,2065042.0,0.027516601105051924,0.0731972072415279,20142.0,63,0.5635566687539135,4.0,973,4
SMR,2016,1468342400.08249,44359.4574206971,2.34441211810459,0.0019189669559281797,33101.0,0.00044106948584015423,0.618202520367254,60.0,4,0.03578137579389928,0.0,973,0
SOL,2016,1379486290.71433,2082.62383124213,5.55494348257992,0.0018028414952044,662379.0,0.008826173377279102,3.52842038261052,27990.0,3,0.026836031845424456,0.0,973,0
SOM,2016,6613743069.99912,460.928490585175,7.03487260042162,0.00864345700676784,14348740.0,0.19119637999619513,3.8489103342184,627340.0,2,0.01789068789694964,0.0,973,0
SRB,2016,42225495909.5633,5982.37030126471,2.97519807160826,0.0551842208898826,7058322.0,0.09405185509302587,-0.523694463062603,87460.0,103,0.9213704266929064,4.0,973,8
SRI,2016,88000210878.1236,4149.19189391879,5.05362488993089,0.1150068926568788,21209000.0,0.2826090669521716,1.13327749793807,61893.0,9,0.08050809553627337,0.0,973,0
STP,2016,292267272.196925,1434.87018050521,5.17682468684113,0.000381962161968256,203689.0,0.0027141476843991173,1.6823011731644,960.0,3,0.026836031845424456,0.0,973,0
SUD,2016,42630376000.0,1033.21594238281,3.46764218409288,0.05571335599802739,41259892.0,0.5497863916576627,3.04008474256183,1868000.0,6,0.05367206369084891,0.0,973,0
SUI,2016,698607778794.566,83432.4111596314,1.91159094214852,0.9130058783195538,8373338.0,0.11157439009171402,1.09203117387253,39509.63,102,0.9124250827444315,4.0,973,7
SUR,2016,3317421648.09918,5644.2061057532,-4.91166050905851,0.004335516376306706,587757.0,0.007831838246244874,1.04842483742266,160507.61,6,0.05367206369084891,0.0,973,0
SVK,2016,90347173228.6356,16636.0769133073,1.94781841524558,0.11807412220578173,5430798.0,0.07236516363740486,0.128922329956911,48080.0,51,0.45621254137221573,4.0,973,4
SWE,2016,513058312950.939,51703.5088332851,2.13117914731151,0.6705125105437262,9923085.0,0.13222470616894194,1.25645398510305,407310.64,150,1.3418015922712228,8.0,973,11
SWZ,2016,3722306116.72872,3238.17611961364,2.94916821059911,0.004864657206282724,1149507.0,0.015317134269649202,0.584038792817515,17200.0,2,0.01789068789694964,0.0,973,0
SYR,2016,12597854088.3602,656.349017520952,-6.40568496867387,0.016464052056121125,19193834.0,0.25575706152929734,-1.19521490586433,183630.0,7,0.06261740763932373,0.0,973,0
TAN,2016,49774409374.4538,953.0107421875,6.86711619644551,0.06504984589088532,53824013.0,0.7172027956787946,3.40729531415315,885800.0,7,0.06261740763932373,0.0,973,0
TGA,2016,420828254.541601,3987.98618837043,6.59869879417958,0.0005499776581680796,105524.0,0.0014061030308388399,-0.539650395978897,720.0,7,0.06261740763932373,0.0,973,0
THA,2016,413366349747.508,5833.57715617098,3.43515771692182,0.5402257442225706,70859841.0,0.944204514564064,0.451266062797186,510890.0,54,0.48304857321764016,3.0,973,6
TJK,2016,6992416096.89018,788.710481734485,6.89999999999999,0.009138342277168275,8865631.0,0.11813417440012484,2.53351872618566,138790.0,7,0.06261740763932373,1.0,973,1
TKM,2016,33313947368.4211,5238.00827202546,6.22909997062793,0.04353777713422918,6360041.0,0.08474728901822605,2.2945212778352,469930.0,9,0.08050809553627337,0.0,973,0
TLS,2016,1640464600.0,1335.54390089814,3.00993062553351,0.002143912318811394,1228312.0,0.01636720770645272,1.90525943887907,14870.0,3,0.026836031845424456,0.0,973,0
TOG,2016,6071167584.1951,843.114204338675,4.21490387414525,0.007934368698553011,7200884.0,0.09595148797542653,1.81308919594096,54390.0,5,0.04472671974237409,0.0,973,0
TTO,2016,23624322192.6274,17449.1538801956,-7.53636305379372,0.03087447017896228,1353895.0,0.01804059610076903,0.312772812072739,5130.0,28,0.25046963055729493,4.0,973,1
TUN,2016,44360072680.4476,3847.80354448809,1.117231963992,0.05797388513167574,11528674.0,0.15361911463698238,1.10253911569433,155360.0,61,0.5456659808569639,3.0,973,3
TUR,2016,870818016909.84,10984.3643169061,3.32366508200445,1.1380662977402347,79277962.0,1.056375636319002,1.34542593504869,769630.0,100,0.8945343948474819,5.0,973,8
TUV,2016,41306141.62505,3779.15293916285,4.77650497336539,5.398272286553016e-05,10930.0,0.00014564180780740418,-0.301466450395575,30.0,1,0.00894534394847482,0.0,973,0
UAE,2016,381717208620.964,42721.1136110991,5.65790147196586,0.49886369133767566,8935095.0,0.11905977938983514,4.93046894788046,71020.0,12,0.10734412738169782,0.0,973,1
UGA,2016,29203988696.2626,752.696571725656,4.78100029254482,0.038166499371181856,38799152.0,0.5169971307112774,3.32192491389275,200520.0,21,0.18785222291797118,1.0,973,0
UKR,2016,93355869403.9223,2158.46118164063,2.44098194492067,0.12200616730675977,45616832.0,0.6078424408899035,-0.36774838525265,579290.0,204,1.824850165488863,20.0,973,11
URU,2016,57480787465.2716,17009.7584207276,1.68979822971775,0.07512126036841962,3379283.0,0.045028809260094074,0.333941294134426,175020.0,17,0.15207084712407193,0.0,973,0
USA,2016,18804913000000.0,57976.628204291,1.81945147909089,24.57601623032678,324353340.0,4.321995133208565,0.785625485688815,9147420.0,555,4.964665891403524,103.0,973,121
UZB,2016,97871364319.3985,3128.42307170099,6.71108022628,0.12790743769980553,31284568.0,0.4168656029271424,1.7256215086876,440591.0,70,0.6261740763932373,3.0,973,13
VAN,2016,908725512.790966,3339.83436471043,3.61980830670927,0.0011876073529966775,272087.0,0.0036255482672363387,2.22459321328248,12190.0,4,0.03578137579389928,0.0,973,0
VEN,2016,112948035494.959,3671.23004093383,-17.1122994652406,0.14761103938676226,30765720.0,0.40995197431806135,0.62520243689416,882050.0,85,0.7603542356203595,1.0,973,3
VIE,2016,257096001177.982,2735.0604380416,6.69000892660424,0.3359970608586277,94000117.0,1.252547756083029,1.25988366517733,313387.0,22,0.196797566866446,0.0,973,2
VIN,2016,814303703.703704,7656.90042881178,4.1496810046981,0.0010642081161788646,106349.0,0.001417096122461997,-0.572879410655285,390.0,4,0.03578137579389928,0.0,973,0
YEM,2016,31317825274.1507,975.359417003225,-9.37512379736752,0.040929058392137514,32109010.0,0.4278512592228746,3.00213847021681,527970.0,3,0.026836031845424456,0.0,973,0
ZAM,2016,20958412538.3093,1239.08527877713,3.75510031678988,0.027390410511517582,16914423.0,0.2253840021719247,3.09409054089327,743390.0,7,0.06261740763932373,0.0,973,0
ZIM,2016,20559250000.0,1408.13945253431,0.75579405855224,0.02686874763437331,14600294.0,0.1945483268691305,1.38820029316449,386850.0,30,0.2683603184542446,0.0,973,0
